0, unedit, -1, -1, -1, -1
1, unedit, -1, -1, -1, -1
2, unedit, -1, -1, -1, -1
3, unedit, -1, -1, -1, -1
4, unedit, -1, -1, -1, -1
5, unedit, -1, -1, -1, -1
6, unedit, -1, -1, -1, -1
7, unedit, -1, -1, -1, -1
8, unedit, -1, -1, -1, -1
9, unedit, -1, -1, -1, -1
10, unedit, -1, -1, -1, -1
11, unedit, -1, -1, -1, -1
12, unedit, -1, -1, -1, -1
13, unedit, -1, -1, -1, -1
14, unedit, -1, -1, -1, -1
15, unedit, -1, -1, -1, -1
16, unedit, -1, -1, -1, -1
17, unedit, -1, -1, -1, -1
18, unedit, -1, -1, -1, -1
19, unedit, -1, -1, -1, -1
20, unedit, -1, -1, -1, -1
21, unedit, -1, -1, -1, -1
22, unedit, -1, -1, -1, -1
23, unedit, -1, -1, -1, -1
24, unedit, -1, -1, -1, -1
25, unedit, -1, -1, -1, -1
26, unedit, -1, -1, -1, -1
27, unedit, -1, -1, -1, -1
28, unedit, -1, -1, -1, -1
29, unedit, -1, -1, -1, -1
30, unedit, -1, -1, -1, -1
31, unedit, -1, -1, -1, -1
32, unedit, -1, -1, -1, -1
33, unedit, -1, -1, -1, -1
34, unedit, -1, -1, -1, -1
35, unedit, -1, -1, -1, -1
36, unedit, -1, -1, -1, -1
37, unedit, -1, -1, -1, -1
38, unedit, -1, -1, -1, -1
39, unedit, -1, -1, -1, -1
40, unedit, -1, -1, -1, -1
41, unedit, -1, -1, -1, -1
42, unedit, -1, -1, -1, -1
43, unedit, -1, -1, -1, -1
44, unedit, -1, -1, -1, -1
45, unedit, -1, -1, -1, -1
46, unedit, -1, -1, -1, -1
47, unedit, -1, -1, -1, -1
48, unedit, -1, -1, -1, -1
49, unedit, -1, -1, -1, -1
50, unedit, -1, -1, -1, -1
51, unedit, -1, -1, -1, -1
52, unedit, -1, -1, -1, -1
53, unedit, -1, -1, -1, -1
54, unedit, -1, -1, -1, -1
55, unedit, -1, -1, -1, -1
56, unedit, -1, -1, -1, -1
57, unedit, -1, -1, -1, -1
58, unedit, -1, -1, -1, -1
59, unedit, -1, -1, -1, -1
60, unedit, -1, -1, -1, -1
61, unedit, -1, -1, -1, -1
62, unedit, -1, -1, -1, -1
63, unedit, -1, -1, -1, -1
64, unedit, -1, -1, -1, -1
65, unedit, -1, -1, -1, -1
66, unedit, -1, -1, -1, -1
67, unedit, -1, -1, -1, -1
68, unedit, -1, -1, -1, -1
69, unedit, -1, -1, -1, -1
70, unedit, -1, -1, -1, -1
71, unedit, -1, -1, -1, -1
72, unedit, -1, -1, -1, -1
73, unedit, -1, -1, -1, -1
74, unedit, -1, -1, -1, -1
75, unedit, -1, -1, -1, -1
76, unedit, -1, -1, -1, -1
77, unedit, -1, -1, -1, -1
78, unedit, -1, -1, -1, -1
79, unedit, -1, -1, -1, -1
80, unedit, -1, -1, -1, -1
81, unedit, -1, -1, -1, -1
82, unedit, -1, -1, -1, -1
83, unedit, -1, -1, -1, -1
84, unedit, -1, -1, -1, -1
85, unedit, -1, -1, -1, -1
86, unedit, -1, -1, -1, -1
87, unedit, -1, -1, -1, -1
88, unedit, -1, -1, -1, -1
89, unedit, -1, -1, -1, -1
90, unedit, -1, -1, -1, -1
91, unedit, -1, -1, -1, -1
92, unedit, -1, -1, -1, -1
93, unedit, -1, -1, -1, -1
94, unedit, -1, -1, -1, -1
95, unedit, -1, -1, -1, -1
96, unedit, -1, -1, -1, -1
97, unedit, -1, -1, -1, -1
98, unedit, -1, -1, -1, -1
99, unedit, -1, -1, -1, -1
100, unedit, -1, -1, -1, -1
101, unedit, -1, -1, -1, -1
102, unedit, -1, -1, -1, -1
103, unedit, -1, -1, -1, -1
104, unedit, -1, -1, -1, -1
105, unedit, -1, -1, -1, -1
106, unedit, -1, -1, -1, -1
107, unedit, -1, -1, -1, -1
108, unedit, -1, -1, -1, -1
109, unedit, -1, -1, -1, -1
110, unedit, -1, -1, -1, -1
111, unedit, -1, -1, -1, -1
112, unedit, -1, -1, -1, -1
113, unedit, -1, -1, -1, -1
114, unedit, -1, -1, -1, -1
115, unedit, -1, -1, -1, -1
116, unedit, -1, -1, -1, -1
117, unedit, -1, -1, -1, -1
118, unedit, -1, -1, -1, -1
119, unedit, -1, -1, -1, -1
120, unedit, -1, -1, -1, -1
121, unedit, -1, -1, -1, -1
122, unedit, -1, -1, -1, -1
123, unedit, -1, -1, -1, -1
124, unedit, -1, -1, -1, -1
125, unedit, -1, -1, -1, -1
126, unedit, -1, -1, -1, -1
127, unedit, -1, -1, -1, -1
128, unedit, -1, -1, -1, -1
129, unedit, -1, -1, -1, -1
130, unedit, -1, -1, -1, -1
131, unedit, -1, -1, -1, -1
132, unedit, -1, -1, -1, -1
133, unedit, -1, -1, -1, -1
134, unedit, -1, -1, -1, -1
135, unedit, -1, -1, -1, -1
136, unedit, -1, -1, -1, -1
137, unedit, -1, -1, -1, -1
138, unedit, -1, -1, -1, -1
139, unedit, -1, -1, -1, -1
140, unedit, -1, -1, -1, -1
141, unedit, -1, -1, -1, -1
142, unedit, -1, -1, -1, -1
143, unedit, -1, -1, -1, -1
144, unedit, -1, -1, -1, -1
145, unedit, -1, -1, -1, -1
146, unedit, -1, -1, -1, -1
147, unedit, -1, -1, -1, -1
148, unedit, -1, -1, -1, -1
149, unedit, -1, -1, -1, -1
150, unedit, -1, -1, -1, -1
151, unedit, -1, -1, -1, -1
152, unedit, -1, -1, -1, -1
153, unedit, -1, -1, -1, -1
154, unedit, -1, -1, -1, -1
155, unedit, -1, -1, -1, -1
156, unedit, -1, -1, -1, -1
157, unedit, -1, -1, -1, -1
158, unedit, -1, -1, -1, -1
159, unedit, -1, -1, -1, -1
160, unedit, -1, -1, -1, -1
161, unedit, -1, -1, -1, -1
162, unedit, -1, -1, -1, -1
163, unedit, -1, -1, -1, -1
164, unedit, -1, -1, -1, -1
165, unedit, -1, -1, -1, -1
166, unedit, -1, -1, -1, -1
167, unedit, -1, -1, -1, -1
168, unedit, -1, -1, -1, -1
169, unedit, -1, -1, -1, -1
170, unedit, -1, -1, -1, -1
171, unedit, -1, -1, -1, -1
172, unedit, -1, -1, -1, -1
173, unedit, -1, -1, -1, -1
174, unedit, -1, -1, -1, -1
175, unedit, -1, -1, -1, -1
176, unedit, -1, -1, -1, -1
177, unedit, -1, -1, -1, -1
178, unedit, -1, -1, -1, -1
179, unedit, -1, -1, -1, -1
180, unedit, -1, -1, -1, -1
181, unedit, -1, -1, -1, -1
182, unedit, -1, -1, -1, -1
183, unedit, -1, -1, -1, -1
184, unedit, -1, -1, -1, -1
185, unedit, -1, -1, -1, -1
186, unedit, -1, -1, -1, -1
187, unedit, -1, -1, -1, -1
188, unedit, -1, -1, -1, -1
189, unedit, -1, -1, -1, -1
190, unedit, -1, -1, -1, -1
191, unedit, -1, -1, -1, -1
192, unedit, -1, -1, -1, -1
193, unedit, -1, -1, -1, -1
194, unedit, -1, -1, -1, -1
195, unedit, -1, -1, -1, -1
196, unedit, -1, -1, -1, -1
197, unedit, -1, -1, -1, -1
198, unedit, -1, -1, -1, -1
199, unedit, -1, -1, -1, -1
200, unedit, -1, -1, -1, -1
201, unedit, -1, -1, -1, -1
202, unedit, -1, -1, -1, -1
203, unedit, -1, -1, -1, -1
204, unedit, -1, -1, -1, -1
205, unedit, -1, -1, -1, -1
206, unedit, -1, -1, -1, -1
207, unedit, -1, -1, -1, -1
208, unedit, -1, -1, -1, -1
209, unedit, -1, -1, -1, -1
210, unedit, -1, -1, -1, -1
211, unedit, -1, -1, -1, -1
212, unedit, -1, -1, -1, -1
213, unedit, -1, -1, -1, -1
214, unedit, -1, -1, -1, -1
215, unedit, -1, -1, -1, -1
216, unedit, -1, -1, -1, -1
217, unedit, -1, -1, -1, -1
218, unedit, -1, -1, -1, -1
219, unedit, -1, -1, -1, -1
220, unedit, -1, -1, -1, -1
221, unedit, -1, -1, -1, -1
222, unedit, -1, -1, -1, -1
223, unedit, -1, -1, -1, -1
224, unedit, -1, -1, -1, -1
225, unedit, -1, -1, -1, -1
226, unedit, -1, -1, -1, -1
227, unedit, -1, -1, -1, -1
228, unedit, -1, -1, -1, -1
229, unedit, -1, -1, -1, -1
230, unedit, -1, -1, -1, -1
231, unedit, -1, -1, -1, -1
232, unedit, -1, -1, -1, -1
233, unedit, -1, -1, -1, -1
234, unedit, -1, -1, -1, -1
235, unedit, -1, -1, -1, -1
236, unedit, -1, -1, -1, -1
237, unedit, -1, -1, -1, -1
238, unedit, -1, -1, -1, -1
239, unedit, -1, -1, -1, -1
240, unedit, -1, -1, -1, -1
241, unedit, -1, -1, -1, -1
242, unedit, -1, -1, -1, -1
243, unedit, -1, -1, -1, -1
244, unedit, -1, -1, -1, -1
245, unedit, -1, -1, -1, -1
246, unedit, -1, -1, -1, -1
247, unedit, -1, -1, -1, -1
248, unedit, -1, -1, -1, -1
249, unedit, -1, -1, -1, -1
250, unedit, -1, -1, -1, -1
251, unedit, -1, -1, -1, -1
252, unedit, -1, -1, -1, -1
253, unedit, -1, -1, -1, -1
254, unedit, -1, -1, -1, -1
255, unedit, -1, -1, -1, -1
256, unedit, -1, -1, -1, -1
257, unedit, -1, -1, -1, -1
258, unedit, -1, -1, -1, -1
259, unedit, -1, -1, -1, -1
260, unedit, -1, -1, -1, -1
261, unedit, -1, -1, -1, -1
262, unedit, -1, -1, -1, -1
263, unedit, -1, -1, -1, -1
264, unedit, -1, -1, -1, -1
265, unedit, -1, -1, -1, -1
266, unedit, -1, -1, -1, -1
267, unedit, -1, -1, -1, -1
268, unedit, -1, -1, -1, -1
269, unedit, -1, -1, -1, -1
270, unedit, -1, -1, -1, -1
271, unedit, -1, -1, -1, -1
272, unedit, -1, -1, -1, -1
273, unedit, -1, -1, -1, -1
274, unedit, -1, -1, -1, -1
275, unedit, -1, -1, -1, -1
276, unedit, -1, -1, -1, -1
277, unedit, -1, -1, -1, -1
278, unedit, -1, -1, -1, -1
279, unedit, -1, -1, -1, -1
280, unedit, -1, -1, -1, -1
281, unedit, -1, -1, -1, -1
282, unedit, -1, -1, -1, -1
283, unedit, -1, -1, -1, -1
284, unedit, -1, -1, -1, -1
285, unedit, -1, -1, -1, -1
286, unedit, -1, -1, -1, -1
287, unedit, -1, -1, -1, -1
288, unedit, -1, -1, -1, -1
289, unedit, -1, -1, -1, -1
290, unedit, -1, -1, -1, -1
291, unedit, -1, -1, -1, -1
292, unedit, -1, -1, -1, -1
293, unedit, -1, -1, -1, -1
294, unedit, -1, -1, -1, -1
295, unedit, -1, -1, -1, -1
296, unedit, -1, -1, -1, -1
297, unedit, -1, -1, -1, -1
298, unedit, -1, -1, -1, -1
299, unedit, -1, -1, -1, -1
300, unedit, -1, -1, -1, -1
301, unedit, -1, -1, -1, -1
302, unedit, -1, -1, -1, -1
303, unedit, -1, -1, -1, -1
304, unedit, -1, -1, -1, -1
305, unedit, -1, -1, -1, -1
306, unedit, -1, -1, -1, -1
307, unedit, -1, -1, -1, -1
308, unedit, -1, -1, -1, -1
309, unedit, -1, -1, -1, -1
310, unedit, -1, -1, -1, -1
311, unedit, -1, -1, -1, -1
312, unedit, -1, -1, -1, -1
313, unedit, -1, -1, -1, -1
314, unedit, -1, -1, -1, -1
315, unedit, -1, -1, -1, -1
316, unedit, -1, -1, -1, -1
317, unedit, -1, -1, -1, -1
318, unedit, -1, -1, -1, -1
319, unedit, -1, -1, -1, -1
320, unedit, -1, -1, -1, -1
321, unedit, -1, -1, -1, -1
322, unedit, -1, -1, -1, -1
323, unedit, -1, -1, -1, -1
324, unedit, -1, -1, -1, -1
325, unedit, -1, -1, -1, -1
326, unedit, -1, -1, -1, -1
327, unedit, -1, -1, -1, -1
328, unedit, -1, -1, -1, -1
329, unedit, -1, -1, -1, -1
330, unedit, -1, -1, -1, -1
331, unedit, -1, -1, -1, -1
332, unedit, -1, -1, -1, -1
333, unedit, -1, -1, -1, -1
334, unedit, -1, -1, -1, -1
335, unedit, -1, -1, -1, -1
336, unedit, -1, -1, -1, -1
337, unedit, -1, -1, -1, -1
338, unedit, -1, -1, -1, -1
339, unedit, -1, -1, -1, -1
340, unedit, -1, -1, -1, -1
341, unedit, -1, -1, -1, -1
342, unedit, -1, -1, -1, -1
343, unedit, -1, -1, -1, -1
344, unedit, -1, -1, -1, -1
345, unedit, -1, -1, -1, -1
346, unedit, -1, -1, -1, -1
347, unedit, -1, -1, -1, -1
348, unedit, -1, -1, -1, -1
349, unedit, -1, -1, -1, -1
350, unedit, -1, -1, -1, -1
351, unedit, -1, -1, -1, -1
352, unedit, -1, -1, -1, -1
353, unedit, -1, -1, -1, -1
354, unedit, -1, -1, -1, -1
355, unedit, -1, -1, -1, -1
356, unedit, -1, -1, -1, -1
357, unedit, -1, -1, -1, -1
358, unedit, -1, -1, -1, -1
359, unedit, -1, -1, -1, -1
360, unedit, -1, -1, -1, -1
361, unedit, -1, -1, -1, -1
362, unedit, -1, -1, -1, -1
363, unedit, -1, -1, -1, -1
364, unedit, -1, -1, -1, -1
365, unedit, -1, -1, -1, -1
366, unedit, -1, -1, -1, -1
367, unedit, -1, -1, -1, -1
368, unedit, -1, -1, -1, -1
369, unedit, -1, -1, -1, -1
370, unedit, -1, -1, -1, -1
371, unedit, -1, -1, -1, -1
372, unedit, -1, -1, -1, -1
373, unedit, -1, -1, -1, -1
374, unedit, -1, -1, -1, -1
375, unedit, -1, -1, -1, -1
376, unedit, -1, -1, -1, -1
377, unedit, -1, -1, -1, -1
378, unedit, -1, -1, -1, -1
379, unedit, -1, -1, -1, -1
380, unedit, -1, -1, -1, -1
381, unedit, -1, -1, -1, -1
382, unedit, -1, -1, -1, -1
383, unedit, -1, -1, -1, -1
384, unedit, -1, -1, -1, -1
385, unedit, -1, -1, -1, -1
386, unedit, -1, -1, -1, -1
387, unedit, -1, -1, -1, -1
388, unedit, -1, -1, -1, -1
389, unedit, -1, -1, -1, -1
390, unedit, -1, -1, -1, -1
391, unedit, -1, -1, -1, -1
392, unedit, -1, -1, -1, -1
393, unedit, -1, -1, -1, -1
394, unedit, -1, -1, -1, -1
395, unedit, -1, -1, -1, -1
396, unedit, -1, -1, -1, -1
397, unedit, -1, -1, -1, -1
398, unedit, -1, -1, -1, -1
399, unedit, -1, -1, -1, -1
400, unedit, -1, -1, -1, -1
401, unedit, -1, -1, -1, -1
402, unedit, -1, -1, -1, -1
403, unedit, -1, -1, -1, -1
404, unedit, -1, -1, -1, -1
405, unedit, -1, -1, -1, -1
406, unedit, -1, -1, -1, -1
407, unedit, -1, -1, -1, -1
408, unedit, -1, -1, -1, -1
409, unedit, -1, -1, -1, -1
410, unedit, -1, -1, -1, -1
411, unedit, -1, -1, -1, -1
412, unedit, -1, -1, -1, -1
413, unedit, -1, -1, -1, -1
414, unedit, -1, -1, -1, -1
415, unedit, -1, -1, -1, -1
416, unedit, -1, -1, -1, -1
417, unedit, -1, -1, -1, -1
418, unedit, -1, -1, -1, -1
419, unedit, -1, -1, -1, -1
420, unedit, -1, -1, -1, -1
421, unedit, -1, -1, -1, -1
422, unedit, -1, -1, -1, -1
423, unedit, -1, -1, -1, -1
424, unedit, -1, -1, -1, -1
425, unedit, -1, -1, -1, -1
426, unedit, -1, -1, -1, -1
427, unedit, -1, -1, -1, -1
428, unedit, -1, -1, -1, -1
429, unedit, -1, -1, -1, -1
430, unedit, -1, -1, -1, -1
431, unedit, -1, -1, -1, -1
432, unedit, -1, -1, -1, -1
433, unedit, -1, -1, -1, -1
434, unedit, -1, -1, -1, -1
435, unedit, -1, -1, -1, -1
436, unedit, -1, -1, -1, -1
437, unedit, -1, -1, -1, -1
438, unedit, -1, -1, -1, -1
439, unedit, -1, -1, -1, -1
440, unedit, -1, -1, -1, -1
441, unedit, -1, -1, -1, -1
442, unedit, -1, -1, -1, -1
443, unedit, -1, -1, -1, -1
444, unedit, -1, -1, -1, -1
445, unedit, -1, -1, -1, -1
446, unedit, -1, -1, -1, -1
447, unedit, -1, -1, -1, -1
448, unedit, -1, -1, -1, -1
449, unedit, -1, -1, -1, -1
450, unedit, -1, -1, -1, -1
451, unedit, -1, -1, -1, -1
452, unedit, -1, -1, -1, -1
453, unedit, -1, -1, -1, -1
454, unedit, -1, -1, -1, -1
455, unedit, -1, -1, -1, -1
456, unedit, -1, -1, -1, -1
457, unedit, -1, -1, -1, -1
458, unedit, -1, -1, -1, -1
459, unedit, -1, -1, -1, -1
460, unedit, -1, -1, -1, -1
461, unedit, -1, -1, -1, -1
462, unedit, -1, -1, -1, -1
463, unedit, -1, -1, -1, -1
464, unedit, -1, -1, -1, -1
465, unedit, -1, -1, -1, -1
466, unedit, -1, -1, -1, -1
467, unedit, -1, -1, -1, -1
468, unedit, -1, -1, -1, -1
469, unedit, -1, -1, -1, -1
470, unedit, -1, -1, -1, -1
471, unedit, -1, -1, -1, -1
472, unedit, -1, -1, -1, -1
473, unedit, -1, -1, -1, -1
474, unedit, -1, -1, -1, -1
475, unedit, -1, -1, -1, -1
476, unedit, -1, -1, -1, -1
477, unedit, -1, -1, -1, -1
478, unedit, -1, -1, -1, -1
479, unedit, -1, -1, -1, -1
480, unedit, -1, -1, -1, -1
481, unedit, -1, -1, -1, -1
482, unedit, -1, -1, -1, -1
483, unedit, -1, -1, -1, -1
484, unedit, -1, -1, -1, -1
485, unedit, -1, -1, -1, -1
486, unedit, -1, -1, -1, -1
487, unedit, -1, -1, -1, -1
488, unedit, -1, -1, -1, -1
489, unedit, -1, -1, -1, -1
490, unedit, -1, -1, -1, -1
491, unedit, -1, -1, -1, -1
492, unedit, -1, -1, -1, -1
493, unedit, -1, -1, -1, -1
494, unedit, -1, -1, -1, -1
495, unedit, -1, -1, -1, -1
496, unedit, -1, -1, -1, -1
497, unedit, -1, -1, -1, -1
498, unedit, -1, -1, -1, -1
499, unedit, -1, -1, -1, -1
500, unedit, -1, -1, -1, -1
501, unedit, -1, -1, -1, -1
502, unedit, -1, -1, -1, -1
503, unedit, -1, -1, -1, -1
504, unedit, -1, -1, -1, -1
505, unedit, -1, -1, -1, -1
506, unedit, -1, -1, -1, -1
507, unedit, -1, -1, -1, -1
508, unedit, -1, -1, -1, -1
509, unedit, -1, -1, -1, -1
510, unedit, -1, -1, -1, -1
511, unedit, -1, -1, -1, -1
512, unedit, -1, -1, -1, -1
513, unedit, -1, -1, -1, -1
514, unedit, -1, -1, -1, -1
515, unedit, -1, -1, -1, -1
516, unedit, -1, -1, -1, -1
517, unedit, -1, -1, -1, -1
518, unedit, -1, -1, -1, -1
519, unedit, -1, -1, -1, -1
520, unedit, -1, -1, -1, -1
521, unedit, -1, -1, -1, -1
522, unedit, -1, -1, -1, -1
523, unedit, -1, -1, -1, -1
524, unedit, -1, -1, -1, -1
525, unedit, -1, -1, -1, -1
526, unedit, -1, -1, -1, -1
527, unedit, -1, -1, -1, -1
528, unedit, -1, -1, -1, -1
529, unedit, -1, -1, -1, -1
530, unedit, -1, -1, -1, -1
531, unedit, -1, -1, -1, -1
532, unedit, -1, -1, -1, -1
533, unedit, -1, -1, -1, -1
534, unedit, -1, -1, -1, -1
535, unedit, -1, -1, -1, -1
536, unedit, -1, -1, -1, -1
537, unedit, -1, -1, -1, -1
538, unedit, -1, -1, -1, -1
539, unedit, -1, -1, -1, -1
540, unedit, -1, -1, -1, -1
541, unedit, -1, -1, -1, -1
542, unedit, -1, -1, -1, -1
543, unedit, -1, -1, -1, -1
544, unedit, -1, -1, -1, -1
545, unedit, -1, -1, -1, -1
546, unedit, -1, -1, -1, -1
547, unedit, -1, -1, -1, -1
548, unedit, -1, -1, -1, -1
549, unedit, -1, -1, -1, -1
550, unedit, -1, -1, -1, -1
551, unedit, -1, -1, -1, -1
552, unedit, -1, -1, -1, -1
553, unedit, -1, -1, -1, -1
554, unedit, -1, -1, -1, -1
555, unedit, -1, -1, -1, -1
556, unedit, -1, -1, -1, -1
557, unedit, -1, -1, -1, -1
558, unedit, -1, -1, -1, -1
559, unedit, -1, -1, -1, -1
560, unedit, -1, -1, -1, -1
561, unedit, -1, -1, -1, -1
562, unedit, -1, -1, -1, -1
563, unedit, -1, -1, -1, -1
564, unedit, -1, -1, -1, -1
565, unedit, -1, -1, -1, -1
566, unedit, -1, -1, -1, -1
567, unedit, -1, -1, -1, -1
568, unedit, -1, -1, -1, -1
569, unedit, -1, -1, -1, -1
570, unedit, -1, -1, -1, -1
571, unedit, -1, -1, -1, -1
572, unedit, -1, -1, -1, -1
573, unedit, -1, -1, -1, -1
574, unedit, -1, -1, -1, -1
575, unedit, -1, -1, -1, -1
576, unedit, -1, -1, -1, -1
577, unedit, -1, -1, -1, -1
578, unedit, -1, -1, -1, -1
579, unedit, -1, -1, -1, -1
580, unedit, -1, -1, -1, -1
581, unedit, -1, -1, -1, -1
582, unedit, -1, -1, -1, -1
583, unedit, -1, -1, -1, -1
584, unedit, -1, -1, -1, -1
585, unedit, -1, -1, -1, -1
586, unedit, -1, -1, -1, -1
587, unedit, -1, -1, -1, -1
588, unedit, -1, -1, -1, -1
589, unedit, -1, -1, -1, -1
590, unedit, -1, -1, -1, -1
591, unedit, -1, -1, -1, -1
592, unedit, -1, -1, -1, -1
593, unedit, -1, -1, -1, -1
594, unedit, -1, -1, -1, -1
595, unedit, -1, -1, -1, -1
596, unedit, -1, -1, -1, -1
597, unedit, -1, -1, -1, -1
598, unedit, -1, -1, -1, -1
599, unedit, -1, -1, -1, -1
600, unedit, -1, -1, -1, -1
601, unedit, -1, -1, -1, -1
602, unedit, -1, -1, -1, -1
603, unedit, -1, -1, -1, -1
604, unedit, -1, -1, -1, -1
605, unedit, -1, -1, -1, -1
606, unedit, -1, -1, -1, -1
607, unedit, -1, -1, -1, -1
608, unedit, -1, -1, -1, -1
609, unedit, -1, -1, -1, -1
610, unedit, -1, -1, -1, -1
611, unedit, -1, -1, -1, -1
612, unedit, -1, -1, -1, -1
613, unedit, -1, -1, -1, -1
614, unedit, -1, -1, -1, -1
615, unedit, -1, -1, -1, -1
616, unedit, -1, -1, -1, -1
617, unedit, -1, -1, -1, -1
618, unedit, -1, -1, -1, -1
619, unedit, -1, -1, -1, -1
620, unedit, -1, -1, -1, -1
621, unedit, -1, -1, -1, -1
622, unedit, -1, -1, -1, -1
623, unedit, -1, -1, -1, -1
624, unedit, -1, -1, -1, -1
625, unedit, -1, -1, -1, -1
626, unedit, -1, -1, -1, -1
627, unedit, -1, -1, -1, -1
628, unedit, -1, -1, -1, -1
629, unedit, -1, -1, -1, -1
630, unedit, -1, -1, -1, -1
631, unedit, -1, -1, -1, -1
632, unedit, -1, -1, -1, -1
633, unedit, -1, -1, -1, -1
634, unedit, -1, -1, -1, -1
635, unedit, -1, -1, -1, -1
636, unedit, -1, -1, -1, -1
637, unedit, -1, -1, -1, -1
638, unedit, -1, -1, -1, -1
639, unedit, -1, -1, -1, -1
640, unedit, -1, -1, -1, -1
641, unedit, -1, -1, -1, -1
642, unedit, -1, -1, -1, -1
643, unedit, -1, -1, -1, -1
644, unedit, -1, -1, -1, -1
645, unedit, -1, -1, -1, -1
646, unedit, -1, -1, -1, -1
647, unedit, -1, -1, -1, -1
648, unedit, -1, -1, -1, -1
649, unedit, -1, -1, -1, -1
650, unedit, -1, -1, -1, -1
651, unedit, -1, -1, -1, -1
652, unedit, -1, -1, -1, -1
653, unedit, -1, -1, -1, -1
654, unedit, -1, -1, -1, -1
655, unedit, -1, -1, -1, -1
656, unedit, -1, -1, -1, -1
657, unedit, -1, -1, -1, -1
658, unedit, -1, -1, -1, -1
659, unedit, -1, -1, -1, -1
660, unedit, -1, -1, -1, -1
661, unedit, -1, -1, -1, -1
662, unedit, -1, -1, -1, -1
663, unedit, -1, -1, -1, -1
664, unedit, -1, -1, -1, -1
665, unedit, -1, -1, -1, -1
666, unedit, -1, -1, -1, -1
667, unedit, -1, -1, -1, -1
668, unedit, -1, -1, -1, -1
669, unedit, -1, -1, -1, -1
670, unedit, -1, -1, -1, -1
671, unedit, -1, -1, -1, -1
672, unedit, -1, -1, -1, -1
673, unedit, -1, -1, -1, -1
674, unedit, -1, -1, -1, -1
675, unedit, -1, -1, -1, -1
676, unedit, -1, -1, -1, -1
677, unedit, -1, -1, -1, -1
678, unedit, -1, -1, -1, -1
679, unedit, -1, -1, -1, -1
680, unedit, -1, -1, -1, -1
681, unedit, -1, -1, -1, -1
682, unedit, -1, -1, -1, -1
683, unedit, -1, -1, -1, -1
684, unedit, -1, -1, -1, -1
685, unedit, -1, -1, -1, -1
686, unedit, -1, -1, -1, -1
687, unedit, -1, -1, -1, -1
688, unedit, -1, -1, -1, -1
689, unedit, -1, -1, -1, -1
690, unedit, -1, -1, -1, -1
691, unedit, -1, -1, -1, -1
692, unedit, -1, -1, -1, -1
693, unedit, -1, -1, -1, -1
694, unedit, -1, -1, -1, -1
695, unedit, -1, -1, -1, -1
696, unedit, -1, -1, -1, -1
697, unedit, -1, -1, -1, -1
698, unedit, -1, -1, -1, -1
699, unedit, -1, -1, -1, -1
700, unedit, -1, -1, -1, -1
701, unedit, -1, -1, -1, -1
702, unedit, -1, -1, -1, -1
703, unedit, -1, -1, -1, -1
704, unedit, -1, -1, -1, -1
705, unedit, -1, -1, -1, -1
706, unedit, -1, -1, -1, -1
707, unedit, -1, -1, -1, -1
708, unedit, -1, -1, -1, -1
709, unedit, -1, -1, -1, -1
710, unedit, -1, -1, -1, -1
711, unedit, -1, -1, -1, -1
712, unedit, -1, -1, -1, -1
713, unedit, -1, -1, -1, -1
714, unedit, -1, -1, -1, -1
715, unedit, -1, -1, -1, -1
716, unedit, -1, -1, -1, -1
717, unedit, -1, -1, -1, -1
718, unedit, -1, -1, -1, -1
719, unedit, -1, -1, -1, -1
720, unedit, -1, -1, -1, -1
721, unedit, -1, -1, -1, -1
722, unedit, -1, -1, -1, -1
723, unedit, -1, -1, -1, -1
724, unedit, -1, -1, -1, -1
725, unedit, -1, -1, -1, -1
726, unedit, -1, -1, -1, -1
727, unedit, -1, -1, -1, -1
728, unedit, -1, -1, -1, -1
729, unedit, -1, -1, -1, -1
730, unedit, -1, -1, -1, -1
731, unedit, -1, -1, -1, -1
732, unedit, -1, -1, -1, -1
733, unedit, -1, -1, -1, -1
734, unedit, -1, -1, -1, -1
735, unedit, -1, -1, -1, -1
736, unedit, -1, -1, -1, -1
737, unedit, -1, -1, -1, -1
738, unedit, -1, -1, -1, -1
739, unedit, -1, -1, -1, -1
740, unedit, -1, -1, -1, -1
741, unedit, -1, -1, -1, -1
742, unedit, -1, -1, -1, -1
743, unedit, -1, -1, -1, -1
744, unedit, -1, -1, -1, -1
745, unedit, -1, -1, -1, -1
746, unedit, -1, -1, -1, -1
747, unedit, -1, -1, -1, -1
748, unedit, -1, -1, -1, -1
749, unedit, -1, -1, -1, -1
750, unedit, -1, -1, -1, -1
751, unedit, -1, -1, -1, -1
752, unedit, -1, -1, -1, -1
753, unedit, -1, -1, -1, -1
754, unedit, -1, -1, -1, -1
755, unedit, -1, -1, -1, -1
756, unedit, -1, -1, -1, -1
757, unedit, -1, -1, -1, -1
758, unedit, -1, -1, -1, -1
759, unedit, -1, -1, -1, -1
760, unedit, -1, -1, -1, -1
761, unedit, -1, -1, -1, -1
762, unedit, -1, -1, -1, -1
763, unedit, -1, -1, -1, -1
764, unedit, -1, -1, -1, -1
765, unedit, -1, -1, -1, -1
766, unedit, -1, -1, -1, -1
767, unedit, -1, -1, -1, -1
768, unedit, -1, -1, -1, -1
769, unedit, -1, -1, -1, -1
770, unedit, -1, -1, -1, -1
771, unedit, -1, -1, -1, -1
772, unedit, -1, -1, -1, -1
773, unedit, -1, -1, -1, -1
774, unedit, -1, -1, -1, -1
775, unedit, -1, -1, -1, -1
776, unedit, -1, -1, -1, -1
777, unedit, -1, -1, -1, -1
778, unedit, -1, -1, -1, -1
779, unedit, -1, -1, -1, -1
780, unedit, -1, -1, -1, -1
781, unedit, -1, -1, -1, -1
782, unedit, -1, -1, -1, -1
783, unedit, -1, -1, -1, -1
784, unedit, -1, -1, -1, -1
785, unedit, -1, -1, -1, -1
786, unedit, -1, -1, -1, -1
787, unedit, -1, -1, -1, -1
788, unedit, -1, -1, -1, -1
789, unedit, -1, -1, -1, -1
790, unedit, -1, -1, -1, -1
791, unedit, -1, -1, -1, -1
792, unedit, -1, -1, -1, -1
793, unedit, -1, -1, -1, -1
794, unedit, -1, -1, -1, -1
795, unedit, -1, -1, -1, -1
796, unedit, -1, -1, -1, -1
797, unedit, -1, -1, -1, -1
798, unedit, -1, -1, -1, -1
799, unedit, -1, -1, -1, -1
800, unedit, -1, -1, -1, -1
801, unedit, -1, -1, -1, -1
802, unedit, -1, -1, -1, -1
803, unedit, -1, -1, -1, -1
804, unedit, -1, -1, -1, -1
805, unedit, -1, -1, -1, -1
806, unedit, -1, -1, -1, -1
807, unedit, -1, -1, -1, -1
808, unedit, -1, -1, -1, -1
809, unedit, -1, -1, -1, -1
810, unedit, -1, -1, -1, -1
811, unedit, -1, -1, -1, -1
812, unedit, -1, -1, -1, -1
813, unedit, -1, -1, -1, -1
814, unedit, -1, -1, -1, -1
815, unedit, -1, -1, -1, -1
816, unedit, -1, -1, -1, -1
817, unedit, -1, -1, -1, -1
818, unedit, -1, -1, -1, -1
819, unedit, -1, -1, -1, -1
820, unedit, -1, -1, -1, -1
821, unedit, -1, -1, -1, -1
822, unedit, -1, -1, -1, -1
823, unedit, -1, -1, -1, -1
824, unedit, -1, -1, -1, -1
825, unedit, -1, -1, -1, -1
826, unedit, -1, -1, -1, -1
827, unedit, -1, -1, -1, -1
828, unedit, -1, -1, -1, -1
829, unedit, -1, -1, -1, -1
830, unedit, -1, -1, -1, -1
831, unedit, -1, -1, -1, -1
832, unedit, -1, -1, -1, -1
833, unedit, -1, -1, -1, -1
834, unedit, -1, -1, -1, -1
835, unedit, -1, -1, -1, -1
836, unedit, -1, -1, -1, -1
837, unedit, -1, -1, -1, -1
838, unedit, -1, -1, -1, -1
839, unedit, -1, -1, -1, -1
840, unedit, -1, -1, -1, -1
841, unedit, -1, -1, -1, -1
842, unedit, -1, -1, -1, -1
843, unedit, -1, -1, -1, -1
844, unedit, -1, -1, -1, -1
845, unedit, -1, -1, -1, -1
846, unedit, -1, -1, -1, -1
847, unedit, -1, -1, -1, -1
848, unedit, -1, -1, -1, -1
849, unedit, -1, -1, -1, -1
850, unedit, -1, -1, -1, -1
851, unedit, -1, -1, -1, -1
852, unedit, -1, -1, -1, -1
853, unedit, -1, -1, -1, -1
854, unedit, -1, -1, -1, -1
855, unedit, -1, -1, -1, -1
856, unedit, -1, -1, -1, -1
857, unedit, -1, -1, -1, -1
858, unedit, -1, -1, -1, -1
859, unedit, -1, -1, -1, -1
860, unedit, -1, -1, -1, -1
861, unedit, -1, -1, -1, -1
862, unedit, -1, -1, -1, -1
863, unedit, -1, -1, -1, -1
864, unedit, -1, -1, -1, -1
865, unedit, -1, -1, -1, -1
866, unedit, -1, -1, -1, -1
867, unedit, -1, -1, -1, -1
868, unedit, -1, -1, -1, -1
869, unedit, -1, -1, -1, -1
870, unedit, -1, -1, -1, -1
871, unedit, -1, -1, -1, -1
872, unedit, -1, -1, -1, -1
873, unedit, -1, -1, -1, -1
874, unedit, -1, -1, -1, -1
875, unedit, -1, -1, -1, -1
876, unedit, -1, -1, -1, -1
877, unedit, -1, -1, -1, -1
878, unedit, -1, -1, -1, -1
879, unedit, -1, -1, -1, -1
880, unedit, -1, -1, -1, -1
881, unedit, -1, -1, -1, -1
882, unedit, -1, -1, -1, -1
883, unedit, -1, -1, -1, -1
884, unedit, -1, -1, -1, -1
885, unedit, -1, -1, -1, -1
886, unedit, -1, -1, -1, -1
887, unedit, -1, -1, -1, -1
888, unedit, -1, -1, -1, -1
889, unedit, -1, -1, -1, -1
890, unedit, -1, -1, -1, -1
891, unedit, -1, -1, -1, -1
892, unedit, -1, -1, -1, -1
893, unedit, -1, -1, -1, -1
894, unedit, -1, -1, -1, -1
895, unedit, -1, -1, -1, -1
896, unedit, -1, -1, -1, -1
897, unedit, -1, -1, -1, -1
898, unedit, -1, -1, -1, -1
899, unedit, -1, -1, -1, -1
900, unedit, -1, -1, -1, -1
901, unedit, -1, -1, -1, -1
902, unedit, -1, -1, -1, -1
903, unedit, -1, -1, -1, -1
904, unedit, -1, -1, -1, -1
905, unedit, -1, -1, -1, -1
906, unedit, -1, -1, -1, -1
907, unedit, -1, -1, -1, -1
908, unedit, -1, -1, -1, -1
909, unedit, -1, -1, -1, -1
910, unedit, -1, -1, -1, -1
911, unedit, -1, -1, -1, -1
912, unedit, -1, -1, -1, -1
913, unedit, -1, -1, -1, -1
914, unedit, -1, -1, -1, -1
915, unedit, -1, -1, -1, -1
916, unedit, -1, -1, -1, -1
917, unedit, -1, -1, -1, -1
918, unedit, -1, -1, -1, -1
919, unedit, -1, -1, -1, -1
920, unedit, -1, -1, -1, -1
921, unedit, -1, -1, -1, -1
922, unedit, -1, -1, -1, -1
923, unedit, -1, -1, -1, -1
924, unedit, -1, -1, -1, -1
925, unedit, -1, -1, -1, -1
926, unedit, -1, -1, -1, -1
927, unedit, -1, -1, -1, -1
928, unedit, -1, -1, -1, -1
929, unedit, -1, -1, -1, -1
930, unedit, -1, -1, -1, -1
931, unedit, -1, -1, -1, -1
932, unedit, -1, -1, -1, -1
933, unedit, -1, -1, -1, -1
934, unedit, -1, -1, -1, -1
935, unedit, -1, -1, -1, -1
936, unedit, -1, -1, -1, -1
937, unedit, -1, -1, -1, -1
938, unedit, -1, -1, -1, -1
939, unedit, -1, -1, -1, -1
940, unedit, -1, -1, -1, -1
941, unedit, -1, -1, -1, -1
942, unedit, -1, -1, -1, -1
943, unedit, -1, -1, -1, -1
944, unedit, -1, -1, -1, -1
945, unedit, -1, -1, -1, -1
946, unedit, -1, -1, -1, -1
947, unedit, -1, -1, -1, -1
948, unedit, -1, -1, -1, -1
949, unedit, -1, -1, -1, -1
950, unedit, -1, -1, -1, -1
951, unedit, -1, -1, -1, -1
952, unedit, -1, -1, -1, -1
953, unedit, -1, -1, -1, -1
954, unedit, -1, -1, -1, -1
955, unedit, -1, -1, -1, -1
956, unedit, -1, -1, -1, -1
957, unedit, -1, -1, -1, -1
958, unedit, -1, -1, -1, -1
959, unedit, -1, -1, -1, -1
960, unedit, -1, -1, -1, -1
961, unedit, -1, -1, -1, -1
962, unedit, -1, -1, -1, -1
963, unedit, -1, -1, -1, -1
964, unedit, -1, -1, -1, -1
965, unedit, -1, -1, -1, -1
966, unedit, -1, -1, -1, -1
967, unedit, -1, -1, -1, -1
968, unedit, -1, -1, -1, -1
969, unedit, -1, -1, -1, -1
970, unedit, -1, -1, -1, -1
971, unedit, -1, -1, -1, -1
972, unedit, -1, -1, -1, -1
973, unedit, -1, -1, -1, -1
974, unedit, -1, -1, -1, -1
975, unedit, -1, -1, -1, -1
976, unedit, -1, -1, -1, -1
977, unedit, -1, -1, -1, -1
978, unedit, -1, -1, -1, -1
979, unedit, -1, -1, -1, -1
980, unedit, -1, -1, -1, -1
981, unedit, -1, -1, -1, -1
982, unedit, -1, -1, -1, -1
983, unedit, -1, -1, -1, -1
984, unedit, -1, -1, -1, -1
985, unedit, -1, -1, -1, -1
986, unedit, -1, -1, -1, -1
987, unedit, -1, -1, -1, -1
988, unedit, -1, -1, -1, -1
989, unedit, -1, -1, -1, -1
990, unedit, -1, -1, -1, -1
991, unedit, -1, -1, -1, -1
992, unedit, -1, -1, -1, -1
993, unedit, -1, -1, -1, -1
994, unedit, -1, -1, -1, -1
995, unedit, -1, -1, -1, -1
996, unedit, -1, -1, -1, -1
997, unedit, -1, -1, -1, -1
998, unedit, -1, -1, -1, -1
999, unedit, -1, -1, -1, -1
1000, unedit, -1, -1, -1, -1
1001, unedit, -1, -1, -1, -1
1002, unedit, -1, -1, -1, -1
1003, unedit, -1, -1, -1, -1
1004, unedit, -1, -1, -1, -1
1005, unedit, -1, -1, -1, -1
1006, unedit, -1, -1, -1, -1
1007, unedit, -1, -1, -1, -1
1008, unedit, -1, -1, -1, -1
1009, unedit, -1, -1, -1, -1
1010, unedit, -1, -1, -1, -1
1011, unedit, -1, -1, -1, -1
1012, unedit, -1, -1, -1, -1
1013, unedit, -1, -1, -1, -1
1014, unedit, -1, -1, -1, -1
1015, unedit, -1, -1, -1, -1
1016, unedit, -1, -1, -1, -1
1017, unedit, -1, -1, -1, -1
1018, unedit, -1, -1, -1, -1
1019, unedit, -1, -1, -1, -1
1020, unedit, -1, -1, -1, -1
1021, unedit, -1, -1, -1, -1
1022, unedit, -1, -1, -1, -1
1023, unedit, -1, -1, -1, -1
1024, unedit, -1, -1, -1, -1
1025, unedit, -1, -1, -1, -1
1026, unedit, -1, -1, -1, -1
1027, unedit, -1, -1, -1, -1
1028, unedit, -1, -1, -1, -1
1029, unedit, -1, -1, -1, -1
1030, unedit, -1, -1, -1, -1
1031, unedit, -1, -1, -1, -1
1032, unedit, -1, -1, -1, -1
1033, unedit, -1, -1, -1, -1
1034, unedit, -1, -1, -1, -1
1035, unedit, -1, -1, -1, -1
1036, unedit, -1, -1, -1, -1
1037, unedit, -1, -1, -1, -1
1038, unedit, -1, -1, -1, -1
1039, unedit, -1, -1, -1, -1
1040, unedit, -1, -1, -1, -1
1041, unedit, -1, -1, -1, -1
1042, unedit, -1, -1, -1, -1
1043, unedit, -1, -1, -1, -1
1044, unedit, -1, -1, -1, -1
1045, unedit, -1, -1, -1, -1
1046, unedit, -1, -1, -1, -1
1047, unedit, -1, -1, -1, -1
1048, unedit, -1, -1, -1, -1
1049, unedit, -1, -1, -1, -1
1050, unedit, -1, -1, -1, -1
1051, unedit, -1, -1, -1, -1
1052, unedit, -1, -1, -1, -1
1053, unedit, -1, -1, -1, -1
1054, unedit, -1, -1, -1, -1
1055, unedit, -1, -1, -1, -1
1056, unedit, -1, -1, -1, -1
1057, unedit, -1, -1, -1, -1
1058, unedit, -1, -1, -1, -1
1059, unedit, -1, -1, -1, -1
1060, unedit, -1, -1, -1, -1
1061, unedit, -1, -1, -1, -1
1062, unedit, -1, -1, -1, -1
1063, unedit, -1, -1, -1, -1
1064, unedit, -1, -1, -1, -1
1065, unedit, -1, -1, -1, -1
1066, unedit, -1, -1, -1, -1
1067, unedit, -1, -1, -1, -1
1068, unedit, -1, -1, -1, -1
1069, unedit, -1, -1, -1, -1
1070, unedit, -1, -1, -1, -1
1071, unedit, -1, -1, -1, -1
1072, unedit, -1, -1, -1, -1
1073, unedit, -1, -1, -1, -1
1074, unedit, -1, -1, -1, -1
1075, unedit, -1, -1, -1, -1
1076, unedit, -1, -1, -1, -1
1077, unedit, -1, -1, -1, -1
1078, unedit, -1, -1, -1, -1
1079, unedit, -1, -1, -1, -1
1080, unedit, -1, -1, -1, -1
1081, unedit, -1, -1, -1, -1
1082, unedit, -1, -1, -1, -1
1083, unedit, -1, -1, -1, -1
1084, unedit, -1, -1, -1, -1
1085, unedit, -1, -1, -1, -1
1086, unedit, -1, -1, -1, -1
1087, unedit, -1, -1, -1, -1
1088, unedit, -1, -1, -1, -1
1089, unedit, -1, -1, -1, -1
1090, unedit, -1, -1, -1, -1
1091, unedit, -1, -1, -1, -1
1092, unedit, -1, -1, -1, -1
1093, unedit, -1, -1, -1, -1
1094, unedit, -1, -1, -1, -1
1095, unedit, -1, -1, -1, -1
1096, unedit, -1, -1, -1, -1
1097, unedit, -1, -1, -1, -1
1098, unedit, -1, -1, -1, -1
1099, unedit, -1, -1, -1, -1
1100, unedit, -1, -1, -1, -1
1101, unedit, -1, -1, -1, -1
1102, unedit, -1, -1, -1, -1
1103, unedit, -1, -1, -1, -1
1104, unedit, -1, -1, -1, -1
1105, unedit, -1, -1, -1, -1
1106, unedit, -1, -1, -1, -1
1107, unedit, -1, -1, -1, -1
1108, unedit, -1, -1, -1, -1
1109, unedit, -1, -1, -1, -1
1110, unedit, -1, -1, -1, -1
1111, unedit, -1, -1, -1, -1
1112, unedit, -1, -1, -1, -1
1113, unedit, -1, -1, -1, -1
1114, unedit, -1, -1, -1, -1
1115, unedit, -1, -1, -1, -1
1116, unedit, -1, -1, -1, -1
1117, unedit, -1, -1, -1, -1
1118, unedit, -1, -1, -1, -1
1119, unedit, -1, -1, -1, -1
1120, unedit, -1, -1, -1, -1
1121, unedit, -1, -1, -1, -1
1122, unedit, -1, -1, -1, -1
1123, unedit, -1, -1, -1, -1
1124, unedit, -1, -1, -1, -1
1125, unedit, -1, -1, -1, -1
1126, unedit, -1, -1, -1, -1
1127, unedit, -1, -1, -1, -1
1128, unedit, -1, -1, -1, -1
1129, unedit, -1, -1, -1, -1
1130, unedit, -1, -1, -1, -1
1131, unedit, -1, -1, -1, -1
1132, unedit, -1, -1, -1, -1
1133, unedit, -1, -1, -1, -1
1134, unedit, -1, -1, -1, -1
1135, unedit, -1, -1, -1, -1
1136, unedit, -1, -1, -1, -1
1137, unedit, -1, -1, -1, -1
1138, unedit, -1, -1, -1, -1
1139, unedit, -1, -1, -1, -1
1140, unedit, -1, -1, -1, -1
1141, unedit, -1, -1, -1, -1
1142, unedit, -1, -1, -1, -1
1143, unedit, -1, -1, -1, -1
1144, unedit, -1, -1, -1, -1
1145, unedit, -1, -1, -1, -1
1146, unedit, -1, -1, -1, -1
1147, unedit, -1, -1, -1, -1
1148, unedit, -1, -1, -1, -1
1149, unedit, -1, -1, -1, -1
1150, unedit, -1, -1, -1, -1
1151, unedit, -1, -1, -1, -1
1152, unedit, -1, -1, -1, -1
1153, unedit, -1, -1, -1, -1
1154, unedit, -1, -1, -1, -1
1155, unedit, -1, -1, -1, -1
1156, unedit, -1, -1, -1, -1
1157, unedit, -1, -1, -1, -1
1158, unedit, -1, -1, -1, -1
1159, unedit, -1, -1, -1, -1
1160, unedit, -1, -1, -1, -1
1161, unedit, -1, -1, -1, -1
1162, unedit, -1, -1, -1, -1
1163, unedit, -1, -1, -1, -1
1164, unedit, -1, -1, -1, -1
1165, unedit, -1, -1, -1, -1
1166, unedit, -1, -1, -1, -1
1167, unedit, -1, -1, -1, -1
1168, unedit, -1, -1, -1, -1
1169, unedit, -1, -1, -1, -1
1170, unedit, -1, -1, -1, -1
1171, unedit, -1, -1, -1, -1
1172, unedit, -1, -1, -1, -1
1173, unedit, -1, -1, -1, -1
1174, unedit, -1, -1, -1, -1
1175, unedit, -1, -1, -1, -1
1176, unedit, -1, -1, -1, -1
1177, unedit, -1, -1, -1, -1
1178, unedit, -1, -1, -1, -1
1179, unedit, -1, -1, -1, -1
1180, unedit, -1, -1, -1, -1
1181, unedit, -1, -1, -1, -1
1182, unedit, -1, -1, -1, -1
1183, unedit, -1, -1, -1, -1
1184, unedit, -1, -1, -1, -1
1185, unedit, -1, -1, -1, -1
1186, unedit, -1, -1, -1, -1
1187, unedit, -1, -1, -1, -1
1188, unedit, -1, -1, -1, -1
1189, unedit, -1, -1, -1, -1
1190, unedit, -1, -1, -1, -1
1191, unedit, -1, -1, -1, -1
1192, unedit, -1, -1, -1, -1
1193, unedit, -1, -1, -1, -1
1194, unedit, -1, -1, -1, -1
1195, unedit, -1, -1, -1, -1
1196, unedit, -1, -1, -1, -1
1197, unedit, -1, -1, -1, -1
1198, unedit, -1, -1, -1, -1
1199, unedit, -1, -1, -1, -1
1200, unedit, -1, -1, -1, -1
1201, unedit, -1, -1, -1, -1
1202, unedit, -1, -1, -1, -1
1203, unedit, -1, -1, -1, -1
1204, unedit, -1, -1, -1, -1
1205, unedit, -1, -1, -1, -1
1206, unedit, -1, -1, -1, -1
1207, unedit, -1, -1, -1, -1
1208, unedit, -1, -1, -1, -1
1209, unedit, -1, -1, -1, -1
1210, unedit, -1, -1, -1, -1
1211, unedit, -1, -1, -1, -1
1212, unedit, -1, -1, -1, -1
1213, unedit, -1, -1, -1, -1
1214, unedit, -1, -1, -1, -1
1215, unedit, -1, -1, -1, -1
1216, unedit, -1, -1, -1, -1
1217, unedit, -1, -1, -1, -1
1218, unedit, -1, -1, -1, -1
1219, unedit, -1, -1, -1, -1
1220, unedit, -1, -1, -1, -1
1221, unedit, -1, -1, -1, -1
1222, unedit, -1, -1, -1, -1
1223, unedit, -1, -1, -1, -1
1224, unedit, -1, -1, -1, -1
1225, unedit, -1, -1, -1, -1
1226, unedit, -1, -1, -1, -1
1227, unedit, -1, -1, -1, -1
1228, unedit, -1, -1, -1, -1
1229, unedit, -1, -1, -1, -1
1230, unedit, -1, -1, -1, -1
1231, unedit, -1, -1, -1, -1
1232, unedit, -1, -1, -1, -1
1233, unedit, -1, -1, -1, -1
1234, unedit, -1, -1, -1, -1
1235, unedit, -1, -1, -1, -1
1236, unedit, -1, -1, -1, -1
1237, unedit, -1, -1, -1, -1
1238, unedit, -1, -1, -1, -1
1239, unedit, -1, -1, -1, -1
1240, unedit, -1, -1, -1, -1
1241, unedit, -1, -1, -1, -1
1242, unedit, -1, -1, -1, -1
1243, unedit, -1, -1, -1, -1
1244, unedit, -1, -1, -1, -1
1245, unedit, -1, -1, -1, -1
1246, unedit, -1, -1, -1, -1
1247, unedit, -1, -1, -1, -1
1248, unedit, -1, -1, -1, -1
1249, unedit, -1, -1, -1, -1
1250, unedit, -1, -1, -1, -1
1251, unedit, -1, -1, -1, -1
1252, unedit, -1, -1, -1, -1
1253, unedit, -1, -1, -1, -1
1254, unedit, -1, -1, -1, -1
1255, unedit, -1, -1, -1, -1
1256, unedit, -1, -1, -1, -1
1257, unedit, -1, -1, -1, -1
1258, unedit, -1, -1, -1, -1
1259, unedit, -1, -1, -1, -1
1260, unedit, -1, -1, -1, -1
1261, unedit, -1, -1, -1, -1
1262, unedit, -1, -1, -1, -1
1263, unedit, -1, -1, -1, -1
1264, unedit, -1, -1, -1, -1
1265, unedit, -1, -1, -1, -1
1266, unedit, -1, -1, -1, -1
1267, unedit, -1, -1, -1, -1
1268, unedit, -1, -1, -1, -1
1269, unedit, -1, -1, -1, -1
1270, unedit, -1, -1, -1, -1
1271, unedit, -1, -1, -1, -1
1272, unedit, -1, -1, -1, -1
1273, unedit, -1, -1, -1, -1
1274, unedit, -1, -1, -1, -1
1275, unedit, -1, -1, -1, -1
1276, unedit, -1, -1, -1, -1
1277, unedit, -1, -1, -1, -1
1278, unedit, -1, -1, -1, -1
1279, unedit, -1, -1, -1, -1
1280, unedit, -1, -1, -1, -1
1281, unedit, -1, -1, -1, -1
1282, unedit, -1, -1, -1, -1
1283, unedit, -1, -1, -1, -1
1284, unedit, -1, -1, -1, -1
1285, unedit, -1, -1, -1, -1
1286, unedit, -1, -1, -1, -1
1287, unedit, -1, -1, -1, -1
1288, unedit, -1, -1, -1, -1
1289, unedit, -1, -1, -1, -1
1290, unedit, -1, -1, -1, -1
1291, unedit, -1, -1, -1, -1
1292, unedit, -1, -1, -1, -1
1293, unedit, -1, -1, -1, -1
1294, unedit, -1, -1, -1, -1
1295, unedit, -1, -1, -1, -1
1296, unedit, -1, -1, -1, -1
1297, unedit, -1, -1, -1, -1
1298, unedit, -1, -1, -1, -1
1299, unedit, -1, -1, -1, -1
1300, unedit, -1, -1, -1, -1
1301, unedit, -1, -1, -1, -1
1302, unedit, -1, -1, -1, -1
1303, unedit, -1, -1, -1, -1
1304, unedit, -1, -1, -1, -1
1305, unedit, -1, -1, -1, -1
1306, unedit, -1, -1, -1, -1
1307, unedit, -1, -1, -1, -1
1308, unedit, -1, -1, -1, -1
1309, unedit, -1, -1, -1, -1
1310, unedit, -1, -1, -1, -1
1311, unedit, -1, -1, -1, -1
1312, unedit, -1, -1, -1, -1
1313, unedit, -1, -1, -1, -1
1314, unedit, -1, -1, -1, -1
1315, unedit, -1, -1, -1, -1
1316, unedit, -1, -1, -1, -1
1317, unedit, -1, -1, -1, -1
1318, unedit, -1, -1, -1, -1
1319, unedit, -1, -1, -1, -1
1320, unedit, -1, -1, -1, -1
1321, unedit, -1, -1, -1, -1
1322, unedit, -1, -1, -1, -1
1323, unedit, -1, -1, -1, -1
1324, unedit, -1, -1, -1, -1
1325, unedit, -1, -1, -1, -1
1326, unedit, -1, -1, -1, -1
1327, unedit, -1, -1, -1, -1
1328, unedit, -1, -1, -1, -1
1329, unedit, -1, -1, -1, -1
1330, unedit, -1, -1, -1, -1
1331, unedit, -1, -1, -1, -1
1332, unedit, -1, -1, -1, -1
1333, unedit, -1, -1, -1, -1
1334, unedit, -1, -1, -1, -1
1335, unedit, -1, -1, -1, -1
1336, unedit, -1, -1, -1, -1
1337, unedit, -1, -1, -1, -1
1338, unedit, -1, -1, -1, -1
1339, unedit, -1, -1, -1, -1
1340, unedit, -1, -1, -1, -1
1341, unedit, -1, -1, -1, -1
1342, unedit, -1, -1, -1, -1
1343, unedit, -1, -1, -1, -1
1344, unedit, -1, -1, -1, -1
1345, unedit, -1, -1, -1, -1
1346, unedit, -1, -1, -1, -1
1347, unedit, -1, -1, -1, -1
1348, unedit, -1, -1, -1, -1
1349, unedit, -1, -1, -1, -1
1350, unedit, -1, -1, -1, -1
1351, unedit, -1, -1, -1, -1
1352, unedit, -1, -1, -1, -1
1353, unedit, -1, -1, -1, -1
1354, unedit, -1, -1, -1, -1
1355, unedit, -1, -1, -1, -1
1356, unedit, -1, -1, -1, -1
1357, unedit, -1, -1, -1, -1
1358, unedit, -1, -1, -1, -1
1359, unedit, -1, -1, -1, -1
1360, unedit, -1, -1, -1, -1
1361, unedit, -1, -1, -1, -1
1362, unedit, -1, -1, -1, -1
1363, unedit, -1, -1, -1, -1
1364, unedit, -1, -1, -1, -1
1365, unedit, -1, -1, -1, -1
1366, unedit, -1, -1, -1, -1
1367, unedit, -1, -1, -1, -1
1368, unedit, -1, -1, -1, -1
1369, unedit, -1, -1, -1, -1
1370, unedit, -1, -1, -1, -1
1371, unedit, -1, -1, -1, -1
1372, unedit, -1, -1, -1, -1
1373, unedit, -1, -1, -1, -1
1374, unedit, -1, -1, -1, -1
1375, unedit, -1, -1, -1, -1
1376, unedit, -1, -1, -1, -1
1377, unedit, -1, -1, -1, -1
1378, unedit, -1, -1, -1, -1
1379, unedit, -1, -1, -1, -1
1380, unedit, -1, -1, -1, -1
1381, unedit, -1, -1, -1, -1
1382, unedit, -1, -1, -1, -1
1383, unedit, -1, -1, -1, -1
1384, unedit, -1, -1, -1, -1
1385, unedit, -1, -1, -1, -1
1386, unedit, -1, -1, -1, -1
1387, unedit, -1, -1, -1, -1
1388, unedit, -1, -1, -1, -1
1389, unedit, -1, -1, -1, -1
1390, unedit, -1, -1, -1, -1
1391, unedit, -1, -1, -1, -1
1392, unedit, -1, -1, -1, -1
1393, unedit, -1, -1, -1, -1
1394, unedit, -1, -1, -1, -1
1395, unedit, -1, -1, -1, -1
1396, unedit, -1, -1, -1, -1
1397, unedit, -1, -1, -1, -1
1398, unedit, -1, -1, -1, -1
1399, unedit, -1, -1, -1, -1
1400, unedit, -1, -1, -1, -1
1401, unedit, -1, -1, -1, -1
1402, unedit, -1, -1, -1, -1
1403, unedit, -1, -1, -1, -1
1404, unedit, -1, -1, -1, -1
1405, unedit, -1, -1, -1, -1
1406, unedit, -1, -1, -1, -1
1407, unedit, -1, -1, -1, -1
1408, unedit, -1, -1, -1, -1
1409, unedit, -1, -1, -1, -1
1410, unedit, -1, -1, -1, -1
1411, unedit, -1, -1, -1, -1
1412, unedit, -1, -1, -1, -1
1413, unedit, -1, -1, -1, -1
1414, unedit, -1, -1, -1, -1
1415, unedit, -1, -1, -1, -1
1416, unedit, -1, -1, -1, -1
1417, unedit, -1, -1, -1, -1
1418, unedit, -1, -1, -1, -1
1419, unedit, -1, -1, -1, -1
1420, unedit, -1, -1, -1, -1
1421, unedit, -1, -1, -1, -1
1422, unedit, -1, -1, -1, -1
1423, unedit, -1, -1, -1, -1
1424, unedit, -1, -1, -1, -1
1425, unedit, -1, -1, -1, -1
1426, unedit, -1, -1, -1, -1
1427, unedit, -1, -1, -1, -1
1428, unedit, -1, -1, -1, -1
1429, unedit, -1, -1, -1, -1
1430, unedit, -1, -1, -1, -1
1431, unedit, -1, -1, -1, -1
1432, unedit, -1, -1, -1, -1
1433, unedit, -1, -1, -1, -1
1434, unedit, -1, -1, -1, -1
1435, unedit, -1, -1, -1, -1
1436, unedit, -1, -1, -1, -1
1437, unedit, -1, -1, -1, -1
1438, unedit, -1, -1, -1, -1
1439, unedit, -1, -1, -1, -1
1440, unedit, -1, -1, -1, -1
1441, unedit, -1, -1, -1, -1
1442, unedit, -1, -1, -1, -1
1443, unedit, -1, -1, -1, -1
1444, unedit, -1, -1, -1, -1
1445, unedit, -1, -1, -1, -1
1446, unedit, -1, -1, -1, -1
1447, unedit, -1, -1, -1, -1
1448, unedit, -1, -1, -1, -1
1449, unedit, -1, -1, -1, -1
1450, unedit, -1, -1, -1, -1
1451, unedit, -1, -1, -1, -1
1452, unedit, -1, -1, -1, -1
1453, unedit, -1, -1, -1, -1
1454, unedit, -1, -1, -1, -1
1455, unedit, -1, -1, -1, -1
1456, unedit, -1, -1, -1, -1
1457, unedit, -1, -1, -1, -1
1458, unedit, -1, -1, -1, -1
1459, unedit, -1, -1, -1, -1
1460, unedit, -1, -1, -1, -1
1461, unedit, -1, -1, -1, -1
1462, unedit, -1, -1, -1, -1
1463, unedit, -1, -1, -1, -1
1464, unedit, -1, -1, -1, -1
1465, unedit, -1, -1, -1, -1
1466, unedit, -1, -1, -1, -1
1467, unedit, -1, -1, -1, -1
1468, unedit, -1, -1, -1, -1
1469, unedit, -1, -1, -1, -1
1470, unedit, -1, -1, -1, -1
1471, unedit, -1, -1, -1, -1
1472, unedit, -1, -1, -1, -1
1473, unedit, -1, -1, -1, -1
1474, unedit, -1, -1, -1, -1
1475, unedit, -1, -1, -1, -1
1476, unedit, -1, -1, -1, -1
1477, unedit, -1, -1, -1, -1
1478, unedit, -1, -1, -1, -1
1479, unedit, -1, -1, -1, -1
1480, unedit, -1, -1, -1, -1
1481, unedit, -1, -1, -1, -1
1482, unedit, -1, -1, -1, -1
1483, unedit, -1, -1, -1, -1
1484, unedit, -1, -1, -1, -1
1485, unedit, -1, -1, -1, -1
1486, unedit, -1, -1, -1, -1
1487, unedit, -1, -1, -1, -1
1488, unedit, -1, -1, -1, -1
1489, unedit, -1, -1, -1, -1
1490, unedit, -1, -1, -1, -1
1491, unedit, -1, -1, -1, -1
1492, unedit, -1, -1, -1, -1
1493, unedit, -1, -1, -1, -1
1494, unedit, -1, -1, -1, -1
1495, unedit, -1, -1, -1, -1
1496, unedit, -1, -1, -1, -1
1497, unedit, -1, -1, -1, -1
1498, unedit, -1, -1, -1, -1
1499, unedit, -1, -1, -1, -1
1500, unedit, -1, -1, -1, -1
1501, unedit, -1, -1, -1, -1
1502, unedit, -1, -1, -1, -1
1503, unedit, -1, -1, -1, -1
1504, unedit, -1, -1, -1, -1
1505, unedit, -1, -1, -1, -1
1506, unedit, -1, -1, -1, -1
1507, unedit, -1, -1, -1, -1
1508, unedit, -1, -1, -1, -1
1509, unedit, -1, -1, -1, -1
1510, unedit, -1, -1, -1, -1
1511, unedit, -1, -1, -1, -1
1512, unedit, -1, -1, -1, -1
1513, unedit, -1, -1, -1, -1
1514, unedit, -1, -1, -1, -1
1515, unedit, -1, -1, -1, -1
1516, unedit, -1, -1, -1, -1
1517, unedit, -1, -1, -1, -1
1518, unedit, -1, -1, -1, -1
1519, unedit, -1, -1, -1, -1
1520, unedit, -1, -1, -1, -1
1521, unedit, -1, -1, -1, -1
1522, unedit, -1, -1, -1, -1
1523, unedit, -1, -1, -1, -1
1524, unedit, -1, -1, -1, -1
1525, unedit, -1, -1, -1, -1
1526, unedit, -1, -1, -1, -1
1527, unedit, -1, -1, -1, -1
1528, unedit, -1, -1, -1, -1
1529, unedit, -1, -1, -1, -1
1530, unedit, -1, -1, -1, -1
1531, unedit, -1, -1, -1, -1
1532, unedit, -1, -1, -1, -1
1533, unedit, -1, -1, -1, -1
1534, unedit, -1, -1, -1, -1
1535, unedit, -1, -1, -1, -1
1536, unedit, -1, -1, -1, -1
1537, unedit, -1, -1, -1, -1
1538, unedit, -1, -1, -1, -1
1539, unedit, -1, -1, -1, -1
1540, unedit, -1, -1, -1, -1
1541, unedit, -1, -1, -1, -1
1542, unedit, -1, -1, -1, -1
1543, unedit, -1, -1, -1, -1
1544, unedit, -1, -1, -1, -1
1545, unedit, -1, -1, -1, -1
1546, unedit, -1, -1, -1, -1
1547, unedit, -1, -1, -1, -1
1548, unedit, -1, -1, -1, -1
1549, unedit, -1, -1, -1, -1
1550, unedit, -1, -1, -1, -1
1551, unedit, -1, -1, -1, -1
1552, unedit, -1, -1, -1, -1
1553, unedit, -1, -1, -1, -1
1554, unedit, -1, -1, -1, -1
1555, unedit, -1, -1, -1, -1
1556, unedit, -1, -1, -1, -1
1557, unedit, -1, -1, -1, -1
1558, unedit, -1, -1, -1, -1
1559, unedit, -1, -1, -1, -1
1560, unedit, -1, -1, -1, -1
1561, unedit, -1, -1, -1, -1
1562, unedit, -1, -1, -1, -1
1563, unedit, -1, -1, -1, -1
1564, unedit, -1, -1, -1, -1
1565, unedit, -1, -1, -1, -1
1566, unedit, -1, -1, -1, -1
1567, unedit, -1, -1, -1, -1
1568, unedit, -1, -1, -1, -1
1569, unedit, -1, -1, -1, -1
1570, unedit, -1, -1, -1, -1
1571, unedit, -1, -1, -1, -1
1572, unedit, -1, -1, -1, -1
1573, unedit, -1, -1, -1, -1
1574, unedit, -1, -1, -1, -1
1575, unedit, -1, -1, -1, -1
1576, unedit, -1, -1, -1, -1
1577, unedit, -1, -1, -1, -1
1578, unedit, -1, -1, -1, -1
1579, unedit, -1, -1, -1, -1
1580, unedit, -1, -1, -1, -1
1581, unedit, -1, -1, -1, -1
1582, unedit, -1, -1, -1, -1
1583, unedit, -1, -1, -1, -1
1584, unedit, -1, -1, -1, -1
1585, unedit, -1, -1, -1, -1
1586, unedit, -1, -1, -1, -1
1587, unedit, -1, -1, -1, -1
1588, unedit, -1, -1, -1, -1
1589, unedit, -1, -1, -1, -1
1590, unedit, -1, -1, -1, -1
1591, unedit, -1, -1, -1, -1
1592, unedit, -1, -1, -1, -1
1593, unedit, -1, -1, -1, -1
1594, unedit, -1, -1, -1, -1
1595, unedit, -1, -1, -1, -1
1596, unedit, -1, -1, -1, -1
1597, unedit, -1, -1, -1, -1
1598, unedit, -1, -1, -1, -1
1599, unedit, -1, -1, -1, -1
1600, unedit, -1, -1, -1, -1
1601, unedit, -1, -1, -1, -1
1602, unedit, -1, -1, -1, -1
1603, unedit, -1, -1, -1, -1
1604, unedit, -1, -1, -1, -1
1605, unedit, -1, -1, -1, -1
1606, unedit, -1, -1, -1, -1
1607, unedit, -1, -1, -1, -1
1608, unedit, -1, -1, -1, -1
1609, unedit, -1, -1, -1, -1
1610, unedit, -1, -1, -1, -1
1611, unedit, -1, -1, -1, -1
1612, unedit, -1, -1, -1, -1
1613, unedit, -1, -1, -1, -1
1614, unedit, -1, -1, -1, -1
1615, unedit, -1, -1, -1, -1
1616, unedit, -1, -1, -1, -1
1617, unedit, -1, -1, -1, -1
1618, unedit, -1, -1, -1, -1
1619, unedit, -1, -1, -1, -1
1620, unedit, -1, -1, -1, -1
1621, unedit, -1, -1, -1, -1
1622, unedit, -1, -1, -1, -1
1623, unedit, -1, -1, -1, -1
1624, unedit, -1, -1, -1, -1
1625, unedit, -1, -1, -1, -1
1626, unedit, -1, -1, -1, -1
1627, unedit, -1, -1, -1, -1
1628, unedit, -1, -1, -1, -1
1629, unedit, -1, -1, -1, -1
1630, unedit, -1, -1, -1, -1
1631, unedit, -1, -1, -1, -1
1632, unedit, -1, -1, -1, -1
1633, unedit, -1, -1, -1, -1
1634, unedit, -1, -1, -1, -1
1635, unedit, -1, -1, -1, -1
1636, unedit, -1, -1, -1, -1
1637, unedit, -1, -1, -1, -1
1638, unedit, -1, -1, -1, -1
1639, unedit, -1, -1, -1, -1
1640, unedit, -1, -1, -1, -1
1641, unedit, -1, -1, -1, -1
1642, unedit, -1, -1, -1, -1
1643, unedit, -1, -1, -1, -1
1644, unedit, -1, -1, -1, -1
1645, unedit, -1, -1, -1, -1
1646, unedit, -1, -1, -1, -1
1647, unedit, -1, -1, -1, -1
1648, unedit, -1, -1, -1, -1
1649, unedit, -1, -1, -1, -1
1650, unedit, -1, -1, -1, -1
1651, unedit, -1, -1, -1, -1
1652, unedit, -1, -1, -1, -1
1653, unedit, -1, -1, -1, -1
1654, unedit, -1, -1, -1, -1
1655, unedit, -1, -1, -1, -1
1656, unedit, -1, -1, -1, -1
1657, unedit, -1, -1, -1, -1
1658, unedit, -1, -1, -1, -1
1659, unedit, -1, -1, -1, -1
1660, unedit, -1, -1, -1, -1
1661, unedit, -1, -1, -1, -1
1662, unedit, -1, -1, -1, -1
1663, unedit, -1, -1, -1, -1
1664, unedit, -1, -1, -1, -1
1665, unedit, -1, -1, -1, -1
1666, unedit, -1, -1, -1, -1
1667, unedit, -1, -1, -1, -1
1668, unedit, -1, -1, -1, -1
1669, unedit, -1, -1, -1, -1
1670, unedit, -1, -1, -1, -1
1671, unedit, -1, -1, -1, -1
1672, unedit, -1, -1, -1, -1
1673, unedit, -1, -1, -1, -1
1674, unedit, -1, -1, -1, -1
1675, unedit, -1, -1, -1, -1
1676, unedit, -1, -1, -1, -1
1677, unedit, -1, -1, -1, -1
1678, unedit, -1, -1, -1, -1
1679, unedit, -1, -1, -1, -1
1680, unedit, -1, -1, -1, -1
1681, unedit, -1, -1, -1, -1
1682, unedit, -1, -1, -1, -1
1683, unedit, -1, -1, -1, -1
1684, unedit, -1, -1, -1, -1
1685, unedit, -1, -1, -1, -1
1686, unedit, -1, -1, -1, -1
1687, unedit, -1, -1, -1, -1
1688, unedit, -1, -1, -1, -1
1689, unedit, -1, -1, -1, -1
1690, unedit, -1, -1, -1, -1
1691, unedit, -1, -1, -1, -1
1692, unedit, -1, -1, -1, -1
1693, unedit, -1, -1, -1, -1
1694, unedit, -1, -1, -1, -1
1695, unedit, -1, -1, -1, -1
1696, unedit, -1, -1, -1, -1
1697, unedit, -1, -1, -1, -1
1698, unedit, -1, -1, -1, -1
1699, unedit, -1, -1, -1, -1
1700, unedit, -1, -1, -1, -1
1701, unedit, -1, -1, -1, -1
1702, unedit, -1, -1, -1, -1
1703, unedit, -1, -1, -1, -1
1704, unedit, -1, -1, -1, -1
1705, unedit, -1, -1, -1, -1
1706, unedit, -1, -1, -1, -1
1707, unedit, -1, -1, -1, -1
1708, unedit, -1, -1, -1, -1
1709, unedit, -1, -1, -1, -1
1710, unedit, -1, -1, -1, -1
1711, unedit, -1, -1, -1, -1
1712, unedit, -1, -1, -1, -1
1713, unedit, -1, -1, -1, -1
1714, unedit, -1, -1, -1, -1
1715, unedit, -1, -1, -1, -1
1716, unedit, -1, -1, -1, -1
1717, unedit, -1, -1, -1, -1
1718, unedit, -1, -1, -1, -1
1719, unedit, -1, -1, -1, -1
1720, unedit, -1, -1, -1, -1
1721, unedit, -1, -1, -1, -1
1722, unedit, -1, -1, -1, -1
1723, unedit, -1, -1, -1, -1
1724, unedit, -1, -1, -1, -1
1725, unedit, -1, -1, -1, -1
1726, unedit, -1, -1, -1, -1
1727, unedit, -1, -1, -1, -1
1728, unedit, -1, -1, -1, -1
1729, unedit, -1, -1, -1, -1
1730, unedit, -1, -1, -1, -1
1731, unedit, -1, -1, -1, -1
1732, unedit, -1, -1, -1, -1
1733, unedit, -1, -1, -1, -1
1734, unedit, -1, -1, -1, -1
1735, unedit, -1, -1, -1, -1
1736, unedit, -1, -1, -1, -1
1737, unedit, -1, -1, -1, -1
1738, unedit, -1, -1, -1, -1
1739, unedit, -1, -1, -1, -1
1740, unedit, -1, -1, -1, -1
1741, unedit, -1, -1, -1, -1
1742, unedit, -1, -1, -1, -1
1743, unedit, -1, -1, -1, -1
1744, unedit, -1, -1, -1, -1
1745, unedit, -1, -1, -1, -1
1746, unedit, -1, -1, -1, -1
1747, unedit, -1, -1, -1, -1
1748, unedit, -1, -1, -1, -1
1749, unedit, -1, -1, -1, -1
1750, unedit, -1, -1, -1, -1
1751, unedit, -1, -1, -1, -1
1752, unedit, -1, -1, -1, -1
1753, unedit, -1, -1, -1, -1
1754, unedit, -1, -1, -1, -1
1755, unedit, -1, -1, -1, -1
1756, unedit, -1, -1, -1, -1
1757, unedit, -1, -1, -1, -1
1758, unedit, -1, -1, -1, -1
1759, unedit, -1, -1, -1, -1
1760, unedit, -1, -1, -1, -1
1761, unedit, -1, -1, -1, -1
1762, unedit, -1, -1, -1, -1
1763, unedit, -1, -1, -1, -1
1764, unedit, -1, -1, -1, -1
1765, unedit, -1, -1, -1, -1
1766, unedit, -1, -1, -1, -1
1767, unedit, -1, -1, -1, -1
1768, unedit, -1, -1, -1, -1
1769, unedit, -1, -1, -1, -1
1770, unedit, -1, -1, -1, -1
1771, unedit, -1, -1, -1, -1
1772, unedit, -1, -1, -1, -1
1773, unedit, -1, -1, -1, -1
1774, unedit, -1, -1, -1, -1
1775, unedit, -1, -1, -1, -1
1776, unedit, -1, -1, -1, -1
1777, unedit, -1, -1, -1, -1
1778, unedit, -1, -1, -1, -1
1779, unedit, -1, -1, -1, -1
1780, unedit, -1, -1, -1, -1
1781, unedit, -1, -1, -1, -1
1782, unedit, -1, -1, -1, -1
1783, unedit, -1, -1, -1, -1
1784, unedit, -1, -1, -1, -1
1785, unedit, -1, -1, -1, -1
1786, unedit, -1, -1, -1, -1
1787, unedit, -1, -1, -1, -1
1788, unedit, -1, -1, -1, -1
1789, unedit, -1, -1, -1, -1
1790, unedit, -1, -1, -1, -1
1791, unedit, -1, -1, -1, -1
1792, unedit, -1, -1, -1, -1
1793, unedit, -1, -1, -1, -1
1794, unedit, -1, -1, -1, -1
1795, unedit, -1, -1, -1, -1
1796, unedit, -1, -1, -1, -1
1797, unedit, -1, -1, -1, -1
1798, unedit, -1, -1, -1, -1
1799, unedit, -1, -1, -1, -1
1800, unedit, -1, -1, -1, -1
1801, unedit, -1, -1, -1, -1
1802, unedit, -1, -1, -1, -1
1803, unedit, -1, -1, -1, -1
1804, unedit, -1, -1, -1, -1
1805, unedit, -1, -1, -1, -1
1806, unedit, -1, -1, -1, -1
1807, unedit, -1, -1, -1, -1
1808, unedit, -1, -1, -1, -1
1809, unedit, -1, -1, -1, -1
1810, unedit, -1, -1, -1, -1
1811, unedit, -1, -1, -1, -1
1812, unedit, -1, -1, -1, -1
1813, unedit, -1, -1, -1, -1
1814, unedit, -1, -1, -1, -1
1815, unedit, -1, -1, -1, -1
1816, unedit, -1, -1, -1, -1
1817, unedit, -1, -1, -1, -1
1818, unedit, -1, -1, -1, -1
1819, unedit, -1, -1, -1, -1
1820, unedit, -1, -1, -1, -1
1821, unedit, -1, -1, -1, -1
1822, unedit, -1, -1, -1, -1
1823, unedit, -1, -1, -1, -1
1824, unedit, -1, -1, -1, -1
1825, unedit, -1, -1, -1, -1
1826, unedit, -1, -1, -1, -1
1827, unedit, -1, -1, -1, -1
1828, unedit, -1, -1, -1, -1
1829, unedit, -1, -1, -1, -1
1830, unedit, -1, -1, -1, -1
1831, unedit, -1, -1, -1, -1
1832, unedit, -1, -1, -1, -1
1833, unedit, -1, -1, -1, -1
1834, unedit, -1, -1, -1, -1
1835, unedit, -1, -1, -1, -1
1836, unedit, -1, -1, -1, -1
1837, unedit, -1, -1, -1, -1
1838, unedit, -1, -1, -1, -1
1839, unedit, -1, -1, -1, -1
1840, unedit, -1, -1, -1, -1
1841, unedit, -1, -1, -1, -1
1842, unedit, -1, -1, -1, -1
1843, unedit, -1, -1, -1, -1
1844, unedit, -1, -1, -1, -1
1845, unedit, -1, -1, -1, -1
1846, unedit, -1, -1, -1, -1
1847, unedit, -1, -1, -1, -1
1848, unedit, -1, -1, -1, -1
1849, unedit, -1, -1, -1, -1
1850, unedit, -1, -1, -1, -1
1851, unedit, -1, -1, -1, -1
1852, unedit, -1, -1, -1, -1
1853, unedit, -1, -1, -1, -1
1854, unedit, -1, -1, -1, -1
1855, unedit, -1, -1, -1, -1
1856, unedit, -1, -1, -1, -1
1857, unedit, -1, -1, -1, -1
1858, unedit, -1, -1, -1, -1
1859, unedit, -1, -1, -1, -1
1860, unedit, -1, -1, -1, -1
1861, unedit, -1, -1, -1, -1
1862, unedit, -1, -1, -1, -1
1863, unedit, -1, -1, -1, -1
1864, unedit, -1, -1, -1, -1
1865, unedit, -1, -1, -1, -1
1866, unedit, -1, -1, -1, -1
1867, unedit, -1, -1, -1, -1
1868, unedit, -1, -1, -1, -1
1869, unedit, -1, -1, -1, -1
1870, unedit, -1, -1, -1, -1
1871, unedit, -1, -1, -1, -1
1872, unedit, -1, -1, -1, -1
1873, unedit, -1, -1, -1, -1
1874, unedit, -1, -1, -1, -1
1875, unedit, -1, -1, -1, -1
1876, unedit, -1, -1, -1, -1
1877, unedit, -1, -1, -1, -1
1878, unedit, -1, -1, -1, -1
1879, unedit, -1, -1, -1, -1
1880, unedit, -1, -1, -1, -1
1881, unedit, -1, -1, -1, -1
1882, unedit, -1, -1, -1, -1
1883, unedit, -1, -1, -1, -1
1884, unedit, -1, -1, -1, -1
1885, unedit, -1, -1, -1, -1
1886, unedit, -1, -1, -1, -1
1887, unedit, -1, -1, -1, -1
1888, unedit, -1, -1, -1, -1
1889, unedit, -1, -1, -1, -1
1890, unedit, -1, -1, -1, -1
1891, unedit, -1, -1, -1, -1
1892, unedit, -1, -1, -1, -1
1893, unedit, -1, -1, -1, -1
1894, unedit, -1, -1, -1, -1
1895, unedit, -1, -1, -1, -1
1896, unedit, -1, -1, -1, -1
1897, unedit, -1, -1, -1, -1
1898, unedit, -1, -1, -1, -1
1899, unedit, -1, -1, -1, -1
1900, unedit, -1, -1, -1, -1
1901, unedit, -1, -1, -1, -1
1902, unedit, -1, -1, -1, -1
1903, unedit, -1, -1, -1, -1
1904, unedit, -1, -1, -1, -1
1905, unedit, -1, -1, -1, -1
1906, unedit, -1, -1, -1, -1
1907, unedit, -1, -1, -1, -1
1908, unedit, -1, -1, -1, -1
1909, unedit, -1, -1, -1, -1
1910, unedit, -1, -1, -1, -1
1911, unedit, -1, -1, -1, -1
1912, unedit, -1, -1, -1, -1
1913, unedit, -1, -1, -1, -1
1914, unedit, -1, -1, -1, -1
1915, unedit, -1, -1, -1, -1
1916, unedit, -1, -1, -1, -1
1917, unedit, -1, -1, -1, -1
1918, unedit, -1, -1, -1, -1
1919, unedit, -1, -1, -1, -1
1920, unedit, -1, -1, -1, -1
1921, unedit, -1, -1, -1, -1
1922, unedit, -1, -1, -1, -1
1923, unedit, -1, -1, -1, -1
1924, unedit, -1, -1, -1, -1
1925, unedit, -1, -1, -1, -1
1926, unedit, -1, -1, -1, -1
1927, unedit, -1, -1, -1, -1
1928, unedit, -1, -1, -1, -1
1929, unedit, -1, -1, -1, -1
1930, unedit, -1, -1, -1, -1
1931, unedit, -1, -1, -1, -1
1932, unedit, -1, -1, -1, -1
1933, unedit, -1, -1, -1, -1
1934, unedit, -1, -1, -1, -1
1935, unedit, -1, -1, -1, -1
1936, unedit, -1, -1, -1, -1
1937, unedit, -1, -1, -1, -1
1938, unedit, -1, -1, -1, -1
1939, unedit, -1, -1, -1, -1
1940, unedit, -1, -1, -1, -1
1941, unedit, -1, -1, -1, -1
1942, unedit, -1, -1, -1, -1
1943, unedit, -1, -1, -1, -1
1944, unedit, -1, -1, -1, -1
1945, unedit, -1, -1, -1, -1
1946, unedit, -1, -1, -1, -1
1947, unedit, -1, -1, -1, -1
1948, unedit, -1, -1, -1, -1
1949, unedit, -1, -1, -1, -1
1950, unedit, -1, -1, -1, -1
1951, unedit, -1, -1, -1, -1
1952, unedit, -1, -1, -1, -1
1953, unedit, -1, -1, -1, -1
1954, unedit, -1, -1, -1, -1
1955, unedit, -1, -1, -1, -1
1956, unedit, -1, -1, -1, -1
1957, unedit, -1, -1, -1, -1
1958, unedit, -1, -1, -1, -1
1959, unedit, -1, -1, -1, -1
1960, unedit, -1, -1, -1, -1
1961, unedit, -1, -1, -1, -1
1962, unedit, -1, -1, -1, -1
1963, unedit, -1, -1, -1, -1
1964, unedit, -1, -1, -1, -1
1965, unedit, -1, -1, -1, -1
1966, unedit, -1, -1, -1, -1
1967, unedit, -1, -1, -1, -1
1968, unedit, -1, -1, -1, -1
1969, unedit, -1, -1, -1, -1
1970, unedit, -1, -1, -1, -1
1971, unedit, -1, -1, -1, -1
1972, unedit, -1, -1, -1, -1
1973, unedit, -1, -1, -1, -1
1974, unedit, -1, -1, -1, -1
1975, unedit, -1, -1, -1, -1
1976, unedit, -1, -1, -1, -1
1977, unedit, -1, -1, -1, -1
1978, unedit, -1, -1, -1, -1
1979, unedit, -1, -1, -1, -1
1980, unedit, -1, -1, -1, -1
1981, unedit, -1, -1, -1, -1
1982, unedit, -1, -1, -1, -1
1983, unedit, -1, -1, -1, -1
1984, unedit, -1, -1, -1, -1
1985, unedit, -1, -1, -1, -1
1986, unedit, -1, -1, -1, -1
1987, unedit, -1, -1, -1, -1
1988, unedit, -1, -1, -1, -1
1989, unedit, -1, -1, -1, -1
1990, unedit, -1, -1, -1, -1
1991, unedit, -1, -1, -1, -1
1992, unedit, -1, -1, -1, -1
1993, unedit, -1, -1, -1, -1
1994, unedit, -1, -1, -1, -1
1995, unedit, -1, -1, -1, -1
1996, unedit, -1, -1, -1, -1
1997, unedit, -1, -1, -1, -1
1998, unedit, -1, -1, -1, -1
1999, unedit, -1, -1, -1, -1
2000, unedit, -1, -1, -1, -1
2001, unedit, -1, -1, -1, -1
2002, unedit, -1, -1, -1, -1
2003, unedit, -1, -1, -1, -1
2004, unedit, -1, -1, -1, -1
2005, unedit, -1, -1, -1, -1
2006, unedit, -1, -1, -1, -1
2007, unedit, -1, -1, -1, -1
2008, unedit, -1, -1, -1, -1
2009, unedit, -1, -1, -1, -1
2010, unedit, -1, -1, -1, -1
2011, unedit, -1, -1, -1, -1
2012, unedit, -1, -1, -1, -1
2013, unedit, -1, -1, -1, -1
2014, unedit, -1, -1, -1, -1
2015, unedit, -1, -1, -1, -1
2016, unedit, -1, -1, -1, -1
2017, unedit, -1, -1, -1, -1
2018, unedit, -1, -1, -1, -1
2019, unedit, -1, -1, -1, -1
2020, unedit, -1, -1, -1, -1
2021, unedit, -1, -1, -1, -1
2022, unedit, -1, -1, -1, -1
2023, unedit, -1, -1, -1, -1
2024, unedit, -1, -1, -1, -1
2025, unedit, -1, -1, -1, -1
2026, unedit, -1, -1, -1, -1
2027, unedit, -1, -1, -1, -1
2028, unedit, -1, -1, -1, -1
2029, unedit, -1, -1, -1, -1
2030, unedit, -1, -1, -1, -1
2031, unedit, -1, -1, -1, -1
2032, unedit, -1, -1, -1, -1
2033, unedit, -1, -1, -1, -1
2034, unedit, -1, -1, -1, -1
2035, unedit, -1, -1, -1, -1
2036, unedit, -1, -1, -1, -1
2037, unedit, -1, -1, -1, -1
2038, unedit, -1, -1, -1, -1
2039, unedit, -1, -1, -1, -1
2040, unedit, -1, -1, -1, -1
2041, unedit, -1, -1, -1, -1
2042, unedit, -1, -1, -1, -1
2043, unedit, -1, -1, -1, -1
2044, unedit, -1, -1, -1, -1
2045, unedit, -1, -1, -1, -1
2046, unedit, -1, -1, -1, -1
2047, unedit, -1, -1, -1, -1
2048, unedit, -1, -1, -1, -1
2049, unedit, -1, -1, -1, -1
2050, unedit, -1, -1, -1, -1
2051, unedit, -1, -1, -1, -1
2052, unedit, -1, -1, -1, -1
2053, unedit, -1, -1, -1, -1
2054, unedit, -1, -1, -1, -1
2055, unedit, -1, -1, -1, -1
2056, unedit, -1, -1, -1, -1
2057, unedit, -1, -1, -1, -1
2058, unedit, -1, -1, -1, -1
2059, unedit, -1, -1, -1, -1
2060, unedit, -1, -1, -1, -1
2061, unedit, -1, -1, -1, -1
2062, unedit, -1, -1, -1, -1
2063, unedit, -1, -1, -1, -1
2064, unedit, -1, -1, -1, -1
2065, unedit, -1, -1, -1, -1
2066, unedit, -1, -1, -1, -1
2067, unedit, -1, -1, -1, -1
2068, unedit, -1, -1, -1, -1
2069, unedit, -1, -1, -1, -1
2070, unedit, -1, -1, -1, -1
2071, unedit, -1, -1, -1, -1
2072, unedit, -1, -1, -1, -1
2073, unedit, -1, -1, -1, -1
2074, unedit, -1, -1, -1, -1
2075, unedit, -1, -1, -1, -1
2076, unedit, -1, -1, -1, -1
2077, unedit, -1, -1, -1, -1
2078, unedit, -1, -1, -1, -1
2079, unedit, -1, -1, -1, -1
2080, unedit, -1, -1, -1, -1
2081, unedit, -1, -1, -1, -1
2082, unedit, -1, -1, -1, -1
2083, unedit, -1, -1, -1, -1
2084, unedit, -1, -1, -1, -1
2085, unedit, -1, -1, -1, -1
2086, unedit, -1, -1, -1, -1
2087, unedit, -1, -1, -1, -1
2088, unedit, -1, -1, -1, -1
2089, unedit, -1, -1, -1, -1
2090, unedit, -1, -1, -1, -1
2091, unedit, -1, -1, -1, -1
2092, unedit, -1, -1, -1, -1
2093, unedit, -1, -1, -1, -1
2094, unedit, -1, -1, -1, -1
2095, unedit, -1, -1, -1, -1
2096, unedit, -1, -1, -1, -1
2097, unedit, -1, -1, -1, -1
2098, unedit, -1, -1, -1, -1
2099, unedit, -1, -1, -1, -1
2100, unedit, -1, -1, -1, -1
2101, unedit, -1, -1, -1, -1
2102, unedit, -1, -1, -1, -1
2103, unedit, -1, -1, -1, -1
2104, unedit, -1, -1, -1, -1
2105, unedit, -1, -1, -1, -1
2106, unedit, -1, -1, -1, -1
2107, unedit, -1, -1, -1, -1
2108, unedit, -1, -1, -1, -1
2109, unedit, -1, -1, -1, -1
2110, unedit, -1, -1, -1, -1
2111, unedit, -1, -1, -1, -1
2112, unedit, -1, -1, -1, -1
2113, unedit, -1, -1, -1, -1
2114, unedit, -1, -1, -1, -1
2115, unedit, -1, -1, -1, -1
2116, unedit, -1, -1, -1, -1
2117, unedit, -1, -1, -1, -1
2118, unedit, -1, -1, -1, -1
2119, unedit, -1, -1, -1, -1
2120, unedit, -1, -1, -1, -1
2121, unedit, -1, -1, -1, -1
2122, unedit, -1, -1, -1, -1
2123, unedit, -1, -1, -1, -1
2124, unedit, -1, -1, -1, -1
2125, unedit, -1, -1, -1, -1
2126, unedit, -1, -1, -1, -1
2127, unedit, -1, -1, -1, -1
2128, unedit, -1, -1, -1, -1
2129, unedit, -1, -1, -1, -1
2130, unedit, -1, -1, -1, -1
2131, unedit, -1, -1, -1, -1
2132, unedit, -1, -1, -1, -1
2133, unedit, -1, -1, -1, -1
2134, unedit, -1, -1, -1, -1
2135, unedit, -1, -1, -1, -1
2136, unedit, -1, -1, -1, -1
2137, unedit, -1, -1, -1, -1
2138, unedit, -1, -1, -1, -1
2139, unedit, -1, -1, -1, -1
2140, unedit, -1, -1, -1, -1
2141, unedit, -1, -1, -1, -1
2142, unedit, -1, -1, -1, -1
2143, unedit, -1, -1, -1, -1
2144, unedit, -1, -1, -1, -1
2145, unedit, -1, -1, -1, -1
2146, unedit, -1, -1, -1, -1
2147, unedit, -1, -1, -1, -1
2148, unedit, -1, -1, -1, -1
2149, unedit, -1, -1, -1, -1
2150, unedit, -1, -1, -1, -1
2151, unedit, -1, -1, -1, -1
2152, unedit, -1, -1, -1, -1
2153, unedit, -1, -1, -1, -1
2154, unedit, -1, -1, -1, -1
2155, unedit, -1, -1, -1, -1
2156, unedit, -1, -1, -1, -1
2157, unedit, -1, -1, -1, -1
2158, unedit, -1, -1, -1, -1
2159, unedit, -1, -1, -1, -1
2160, unedit, -1, -1, -1, -1
2161, unedit, -1, -1, -1, -1
2162, unedit, -1, -1, -1, -1
2163, unedit, -1, -1, -1, -1
2164, unedit, -1, -1, -1, -1
2165, unedit, -1, -1, -1, -1
2166, unedit, -1, -1, -1, -1
2167, unedit, -1, -1, -1, -1
2168, unedit, -1, -1, -1, -1
2169, unedit, -1, -1, -1, -1
2170, unedit, -1, -1, -1, -1
2171, unedit, -1, -1, -1, -1
2172, unedit, -1, -1, -1, -1
2173, unedit, -1, -1, -1, -1
2174, unedit, -1, -1, -1, -1
2175, unedit, -1, -1, -1, -1
2176, unedit, -1, -1, -1, -1
2177, unedit, -1, -1, -1, -1
2178, unedit, -1, -1, -1, -1
2179, unedit, -1, -1, -1, -1
2180, unedit, -1, -1, -1, -1
2181, unedit, -1, -1, -1, -1
2182, unedit, -1, -1, -1, -1
2183, unedit, -1, -1, -1, -1
2184, unedit, -1, -1, -1, -1
2185, unedit, -1, -1, -1, -1
2186, unedit, -1, -1, -1, -1
2187, unedit, -1, -1, -1, -1
2188, unedit, -1, -1, -1, -1
2189, unedit, -1, -1, -1, -1
2190, unedit, -1, -1, -1, -1
2191, unedit, -1, -1, -1, -1
2192, unedit, -1, -1, -1, -1
2193, unedit, -1, -1, -1, -1
2194, unedit, -1, -1, -1, -1
2195, unedit, -1, -1, -1, -1
2196, unedit, -1, -1, -1, -1
2197, unedit, -1, -1, -1, -1
2198, unedit, -1, -1, -1, -1
2199, unedit, -1, -1, -1, -1
2200, unedit, -1, -1, -1, -1
2201, unedit, -1, -1, -1, -1
2202, unedit, -1, -1, -1, -1
2203, unedit, -1, -1, -1, -1
2204, unedit, -1, -1, -1, -1
2205, unedit, -1, -1, -1, -1
2206, unedit, -1, -1, -1, -1
2207, unedit, -1, -1, -1, -1
2208, unedit, -1, -1, -1, -1
2209, unedit, -1, -1, -1, -1
2210, unedit, -1, -1, -1, -1
2211, unedit, -1, -1, -1, -1
2212, unedit, -1, -1, -1, -1
2213, unedit, -1, -1, -1, -1
2214, unedit, -1, -1, -1, -1
2215, unedit, -1, -1, -1, -1
2216, unedit, -1, -1, -1, -1
2217, unedit, -1, -1, -1, -1
2218, unedit, -1, -1, -1, -1
2219, unedit, -1, -1, -1, -1
2220, unedit, -1, -1, -1, -1
2221, unedit, -1, -1, -1, -1
2222, unedit, -1, -1, -1, -1
2223, unedit, -1, -1, -1, -1
2224, unedit, -1, -1, -1, -1
2225, unedit, -1, -1, -1, -1
2226, unedit, -1, -1, -1, -1
2227, unedit, -1, -1, -1, -1
2228, unedit, -1, -1, -1, -1
2229, unedit, -1, -1, -1, -1
2230, unedit, -1, -1, -1, -1
2231, unedit, -1, -1, -1, -1
2232, unedit, -1, -1, -1, -1
2233, unedit, -1, -1, -1, -1
2234, unedit, -1, -1, -1, -1
2235, unedit, -1, -1, -1, -1
2236, unedit, -1, -1, -1, -1
2237, unedit, -1, -1, -1, -1
2238, unedit, -1, -1, -1, -1
2239, unedit, -1, -1, -1, -1
2240, unedit, -1, -1, -1, -1
2241, unedit, -1, -1, -1, -1
2242, unedit, -1, -1, -1, -1
2243, unedit, -1, -1, -1, -1
2244, unedit, -1, -1, -1, -1
2245, unedit, -1, -1, -1, -1
2246, unedit, -1, -1, -1, -1
2247, unedit, -1, -1, -1, -1
2248, unedit, -1, -1, -1, -1
2249, unedit, -1, -1, -1, -1
2250, unedit, -1, -1, -1, -1
2251, unedit, -1, -1, -1, -1
2252, unedit, -1, -1, -1, -1
2253, unedit, -1, -1, -1, -1
2254, unedit, -1, -1, -1, -1
2255, unedit, -1, -1, -1, -1
2256, unedit, -1, -1, -1, -1
2257, unedit, -1, -1, -1, -1
2258, unedit, -1, -1, -1, -1
2259, unedit, -1, -1, -1, -1
2260, unedit, -1, -1, -1, -1
2261, unedit, -1, -1, -1, -1
2262, unedit, -1, -1, -1, -1
2263, unedit, -1, -1, -1, -1
2264, unedit, -1, -1, -1, -1
2265, unedit, -1, -1, -1, -1
2266, unedit, -1, -1, -1, -1
2267, unedit, -1, -1, -1, -1
2268, unedit, -1, -1, -1, -1
2269, unedit, -1, -1, -1, -1
2270, unedit, -1, -1, -1, -1
2271, unedit, -1, -1, -1, -1
2272, unedit, -1, -1, -1, -1
2273, unedit, -1, -1, -1, -1
2274, unedit, -1, -1, -1, -1
2275, unedit, -1, -1, -1, -1
2276, unedit, -1, -1, -1, -1
2277, unedit, -1, -1, -1, -1
2278, unedit, -1, -1, -1, -1
2279, unedit, -1, -1, -1, -1
2280, unedit, -1, -1, -1, -1
2281, unedit, -1, -1, -1, -1
2282, unedit, -1, -1, -1, -1
2283, unedit, -1, -1, -1, -1
2284, unedit, -1, -1, -1, -1
2285, unedit, -1, -1, -1, -1
2286, unedit, -1, -1, -1, -1
2287, unedit, -1, -1, -1, -1
2288, unedit, -1, -1, -1, -1
2289, unedit, -1, -1, -1, -1
2290, unedit, -1, -1, -1, -1
2291, unedit, -1, -1, -1, -1
2292, unedit, -1, -1, -1, -1
2293, unedit, -1, -1, -1, -1
2294, unedit, -1, -1, -1, -1
2295, unedit, -1, -1, -1, -1
2296, unedit, -1, -1, -1, -1
2297, unedit, -1, -1, -1, -1
2298, unedit, -1, -1, -1, -1
2299, unedit, -1, -1, -1, -1
2300, unedit, -1, -1, -1, -1
2301, unedit, -1, -1, -1, -1
2302, unedit, -1, -1, -1, -1
2303, unedit, -1, -1, -1, -1
2304, unedit, -1, -1, -1, -1
2305, unedit, -1, -1, -1, -1
2306, unedit, -1, -1, -1, -1
2307, unedit, -1, -1, -1, -1
2308, unedit, -1, -1, -1, -1
2309, unedit, -1, -1, -1, -1
2310, unedit, -1, -1, -1, -1
2311, unedit, -1, -1, -1, -1
2312, unedit, -1, -1, -1, -1
2313, unedit, -1, -1, -1, -1
2314, unedit, -1, -1, -1, -1
2315, unedit, -1, -1, -1, -1
2316, unedit, -1, -1, -1, -1
2317, unedit, -1, -1, -1, -1
2318, unedit, -1, -1, -1, -1
2319, unedit, -1, -1, -1, -1
2320, unedit, -1, -1, -1, -1
2321, unedit, -1, -1, -1, -1
2322, unedit, -1, -1, -1, -1
2323, unedit, -1, -1, -1, -1
2324, unedit, -1, -1, -1, -1
2325, unedit, -1, -1, -1, -1
2326, unedit, -1, -1, -1, -1
2327, unedit, -1, -1, -1, -1
2328, unedit, -1, -1, -1, -1
2329, unedit, -1, -1, -1, -1
2330, unedit, -1, -1, -1, -1
2331, unedit, -1, -1, -1, -1
2332, unedit, -1, -1, -1, -1
2333, unedit, -1, -1, -1, -1
2334, unedit, -1, -1, -1, -1
2335, unedit, -1, -1, -1, -1
2336, unedit, -1, -1, -1, -1
2337, unedit, -1, -1, -1, -1
2338, unedit, -1, -1, -1, -1
2339, unedit, -1, -1, -1, -1
2340, unedit, -1, -1, -1, -1
2341, unedit, -1, -1, -1, -1
2342, unedit, -1, -1, -1, -1
2343, unedit, -1, -1, -1, -1
2344, unedit, -1, -1, -1, -1
2345, unedit, -1, -1, -1, -1
2346, unedit, -1, -1, -1, -1
2347, unedit, -1, -1, -1, -1
2348, unedit, -1, -1, -1, -1
2349, unedit, -1, -1, -1, -1
2350, unedit, -1, -1, -1, -1
2351, unedit, -1, -1, -1, -1
2352, unedit, -1, -1, -1, -1
2353, unedit, -1, -1, -1, -1
2354, unedit, -1, -1, -1, -1
2355, unedit, -1, -1, -1, -1
2356, unedit, -1, -1, -1, -1
2357, unedit, -1, -1, -1, -1
2358, unedit, -1, -1, -1, -1
2359, unedit, -1, -1, -1, -1
2360, unedit, -1, -1, -1, -1
2361, unedit, -1, -1, -1, -1
2362, unedit, -1, -1, -1, -1
2363, unedit, -1, -1, -1, -1
2364, unedit, -1, -1, -1, -1
2365, unedit, -1, -1, -1, -1
2366, unedit, -1, -1, -1, -1
2367, unedit, -1, -1, -1, -1
2368, unedit, -1, -1, -1, -1
2369, unedit, -1, -1, -1, -1
2370, unedit, -1, -1, -1, -1
2371, unedit, -1, -1, -1, -1
2372, unedit, -1, -1, -1, -1
2373, unedit, -1, -1, -1, -1
2374, unedit, -1, -1, -1, -1
2375, unedit, -1, -1, -1, -1
2376, unedit, -1, -1, -1, -1
2377, unedit, -1, -1, -1, -1
2378, unedit, -1, -1, -1, -1
2379, unedit, -1, -1, -1, -1
2380, unedit, -1, -1, -1, -1
2381, unedit, -1, -1, -1, -1
2382, unedit, -1, -1, -1, -1
2383, unedit, -1, -1, -1, -1
2384, unedit, -1, -1, -1, -1
2385, unedit, -1, -1, -1, -1
2386, unedit, -1, -1, -1, -1
2387, unedit, -1, -1, -1, -1
2388, unedit, -1, -1, -1, -1
2389, unedit, -1, -1, -1, -1
2390, unedit, -1, -1, -1, -1
2391, unedit, -1, -1, -1, -1
2392, unedit, -1, -1, -1, -1
2393, unedit, -1, -1, -1, -1
2394, unedit, -1, -1, -1, -1
2395, unedit, -1, -1, -1, -1
2396, unedit, -1, -1, -1, -1
2397, unedit, -1, -1, -1, -1
2398, unedit, -1, -1, -1, -1
2399, unedit, -1, -1, -1, -1
2400, unedit, -1, -1, -1, -1
2401, unedit, -1, -1, -1, -1
2402, unedit, -1, -1, -1, -1
2403, unedit, -1, -1, -1, -1
2404, unedit, -1, -1, -1, -1
2405, unedit, -1, -1, -1, -1
2406, unedit, -1, -1, -1, -1
2407, unedit, -1, -1, -1, -1
2408, unedit, -1, -1, -1, -1
2409, unedit, -1, -1, -1, -1
2410, unedit, -1, -1, -1, -1
2411, unedit, -1, -1, -1, -1
2412, unedit, -1, -1, -1, -1
2413, unedit, -1, -1, -1, -1
2414, unedit, -1, -1, -1, -1
2415, unedit, -1, -1, -1, -1
2416, unedit, -1, -1, -1, -1
2417, unedit, -1, -1, -1, -1
2418, unedit, -1, -1, -1, -1
2419, unedit, -1, -1, -1, -1
2420, unedit, -1, -1, -1, -1
2421, unedit, -1, -1, -1, -1
2422, unedit, -1, -1, -1, -1
2423, unedit, -1, -1, -1, -1
2424, unedit, -1, -1, -1, -1
2425, unedit, -1, -1, -1, -1
2426, unedit, -1, -1, -1, -1
2427, unedit, -1, -1, -1, -1
2428, unedit, -1, -1, -1, -1
2429, unedit, -1, -1, -1, -1
2430, unedit, -1, -1, -1, -1
2431, unedit, -1, -1, -1, -1
2432, unedit, -1, -1, -1, -1
2433, unedit, -1, -1, -1, -1
2434, unedit, -1, -1, -1, -1
2435, unedit, -1, -1, -1, -1
2436, unedit, -1, -1, -1, -1
2437, unedit, -1, -1, -1, -1
2438, unedit, -1, -1, -1, -1
2439, unedit, -1, -1, -1, -1
2440, unedit, -1, -1, -1, -1
2441, unedit, -1, -1, -1, -1
2442, unedit, -1, -1, -1, -1
2443, unedit, -1, -1, -1, -1
2444, unedit, -1, -1, -1, -1
2445, unedit, -1, -1, -1, -1
2446, unedit, -1, -1, -1, -1
2447, unedit, -1, -1, -1, -1
2448, unedit, -1, -1, -1, -1
2449, unedit, -1, -1, -1, -1
2450, unedit, -1, -1, -1, -1
2451, unedit, -1, -1, -1, -1
2452, unedit, -1, -1, -1, -1
2453, unedit, -1, -1, -1, -1
2454, unedit, -1, -1, -1, -1
2455, unedit, -1, -1, -1, -1
2456, unedit, -1, -1, -1, -1
2457, unedit, -1, -1, -1, -1
2458, unedit, -1, -1, -1, -1
2459, unedit, -1, -1, -1, -1
2460, unedit, -1, -1, -1, -1
2461, unedit, -1, -1, -1, -1
2462, unedit, -1, -1, -1, -1
2463, unedit, -1, -1, -1, -1
2464, unedit, -1, -1, -1, -1
2465, unedit, -1, -1, -1, -1
2466, unedit, -1, -1, -1, -1
2467, unedit, -1, -1, -1, -1
2468, unedit, -1, -1, -1, -1
2469, unedit, -1, -1, -1, -1
2470, unedit, -1, -1, -1, -1
2471, unedit, -1, -1, -1, -1
2472, unedit, -1, -1, -1, -1
2473, unedit, -1, -1, -1, -1
2474, unedit, -1, -1, -1, -1
2475, unedit, -1, -1, -1, -1
2476, unedit, -1, -1, -1, -1
2477, unedit, -1, -1, -1, -1
2478, unedit, -1, -1, -1, -1
2479, unedit, -1, -1, -1, -1
2480, unedit, -1, -1, -1, -1
2481, unedit, -1, -1, -1, -1
2482, unedit, -1, -1, -1, -1
2483, unedit, -1, -1, -1, -1
2484, unedit, -1, -1, -1, -1
2485, unedit, -1, -1, -1, -1
2486, unedit, -1, -1, -1, -1
2487, unedit, -1, -1, -1, -1
2488, unedit, -1, -1, -1, -1
2489, unedit, -1, -1, -1, -1
2490, unedit, -1, -1, -1, -1
2491, unedit, -1, -1, -1, -1
2492, unedit, -1, -1, -1, -1
2493, unedit, -1, -1, -1, -1
2494, unedit, -1, -1, -1, -1
2495, unedit, -1, -1, -1, -1
2496, unedit, -1, -1, -1, -1
2497, unedit, -1, -1, -1, -1
2498, unedit, -1, -1, -1, -1
2499, unedit, -1, -1, -1, -1
2500, unedit, -1, -1, -1, -1
2501, unedit, -1, -1, -1, -1
2502, unedit, -1, -1, -1, -1
2503, unedit, -1, -1, -1, -1
2504, unedit, -1, -1, -1, -1
2505, unedit, -1, -1, -1, -1
2506, unedit, -1, -1, -1, -1
2507, unedit, -1, -1, -1, -1
2508, unedit, -1, -1, -1, -1
2509, unedit, -1, -1, -1, -1
2510, unedit, -1, -1, -1, -1
2511, unedit, -1, -1, -1, -1
2512, unedit, -1, -1, -1, -1
2513, unedit, -1, -1, -1, -1
2514, unedit, -1, -1, -1, -1
2515, unedit, -1, -1, -1, -1
2516, unedit, -1, -1, -1, -1
2517, unedit, -1, -1, -1, -1
2518, unedit, -1, -1, -1, -1
2519, unedit, -1, -1, -1, -1
2520, unedit, -1, -1, -1, -1
2521, unedit, -1, -1, -1, -1
2522, unedit, -1, -1, -1, -1
2523, unedit, -1, -1, -1, -1
2524, unedit, -1, -1, -1, -1
2525, unedit, -1, -1, -1, -1
2526, unedit, -1, -1, -1, -1
2527, unedit, -1, -1, -1, -1
2528, unedit, -1, -1, -1, -1
2529, unedit, -1, -1, -1, -1
2530, unedit, -1, -1, -1, -1
2531, unedit, -1, -1, -1, -1
2532, unedit, -1, -1, -1, -1
2533, unedit, -1, -1, -1, -1
2534, unedit, -1, -1, -1, -1
2535, unedit, -1, -1, -1, -1
2536, unedit, -1, -1, -1, -1
2537, unedit, -1, -1, -1, -1
2538, unedit, -1, -1, -1, -1
2539, unedit, -1, -1, -1, -1
2540, unedit, -1, -1, -1, -1
2541, unedit, -1, -1, -1, -1
2542, unedit, -1, -1, -1, -1
2543, unedit, -1, -1, -1, -1
2544, unedit, -1, -1, -1, -1
2545, unedit, -1, -1, -1, -1
2546, unedit, -1, -1, -1, -1
2547, unedit, -1, -1, -1, -1
2548, unedit, -1, -1, -1, -1
2549, unedit, -1, -1, -1, -1
2550, unedit, -1, -1, -1, -1
2551, unedit, -1, -1, -1, -1
2552, unedit, -1, -1, -1, -1
2553, unedit, -1, -1, -1, -1
2554, unedit, -1, -1, -1, -1
2555, unedit, -1, -1, -1, -1
2556, unedit, -1, -1, -1, -1
2557, unedit, -1, -1, -1, -1
2558, unedit, -1, -1, -1, -1
2559, unedit, -1, -1, -1, -1
2560, unedit, -1, -1, -1, -1
2561, unedit, -1, -1, -1, -1
2562, unedit, -1, -1, -1, -1
2563, unedit, -1, -1, -1, -1
2564, unedit, -1, -1, -1, -1
2565, unedit, -1, -1, -1, -1
2566, unedit, -1, -1, -1, -1
2567, unedit, -1, -1, -1, -1
2568, unedit, -1, -1, -1, -1
2569, unedit, -1, -1, -1, -1
2570, unedit, -1, -1, -1, -1
2571, unedit, -1, -1, -1, -1
2572, unedit, -1, -1, -1, -1
2573, unedit, -1, -1, -1, -1
2574, unedit, -1, -1, -1, -1
2575, unedit, -1, -1, -1, -1
2576, unedit, -1, -1, -1, -1
2577, unedit, -1, -1, -1, -1
2578, unedit, -1, -1, -1, -1
2579, unedit, -1, -1, -1, -1
2580, unedit, -1, -1, -1, -1
2581, unedit, -1, -1, -1, -1
2582, unedit, -1, -1, -1, -1
2583, unedit, -1, -1, -1, -1
2584, unedit, -1, -1, -1, -1
2585, unedit, -1, -1, -1, -1
2586, unedit, -1, -1, -1, -1
2587, unedit, -1, -1, -1, -1
2588, unedit, -1, -1, -1, -1
2589, unedit, -1, -1, -1, -1
2590, unedit, -1, -1, -1, -1
2591, unedit, -1, -1, -1, -1
2592, unedit, -1, -1, -1, -1
2593, unedit, -1, -1, -1, -1
2594, unedit, -1, -1, -1, -1
2595, unedit, -1, -1, -1, -1
2596, unedit, -1, -1, -1, -1
2597, unedit, -1, -1, -1, -1
2598, unedit, -1, -1, -1, -1
2599, unedit, -1, -1, -1, -1
2600, unedit, -1, -1, -1, -1
2601, unedit, -1, -1, -1, -1
2602, unedit, -1, -1, -1, -1
2603, unedit, -1, -1, -1, -1
2604, unedit, -1, -1, -1, -1
2605, unedit, -1, -1, -1, -1
2606, unedit, -1, -1, -1, -1
2607, unedit, -1, -1, -1, -1
2608, unedit, -1, -1, -1, -1
2609, unedit, -1, -1, -1, -1
2610, unedit, -1, -1, -1, -1
2611, unedit, -1, -1, -1, -1
2612, unedit, -1, -1, -1, -1
2613, unedit, -1, -1, -1, -1
2614, unedit, -1, -1, -1, -1
2615, unedit, -1, -1, -1, -1
2616, unedit, -1, -1, -1, -1
2617, unedit, -1, -1, -1, -1
2618, unedit, -1, -1, -1, -1
2619, unedit, -1, -1, -1, -1
2620, unedit, -1, -1, -1, -1
2621, unedit, -1, -1, -1, -1
2622, unedit, -1, -1, -1, -1
2623, unedit, -1, -1, -1, -1
2624, unedit, -1, -1, -1, -1
2625, unedit, -1, -1, -1, -1
2626, unedit, -1, -1, -1, -1
2627, unedit, -1, -1, -1, -1
2628, unedit, -1, -1, -1, -1
2629, unedit, -1, -1, -1, -1
2630, unedit, -1, -1, -1, -1
2631, unedit, -1, -1, -1, -1
2632, unedit, -1, -1, -1, -1
2633, unedit, -1, -1, -1, -1
2634, unedit, -1, -1, -1, -1
2635, unedit, -1, -1, -1, -1
2636, unedit, -1, -1, -1, -1
2637, unedit, -1, -1, -1, -1
2638, unedit, -1, -1, -1, -1
2639, unedit, -1, -1, -1, -1
2640, unedit, -1, -1, -1, -1
2641, unedit, -1, -1, -1, -1
2642, unedit, -1, -1, -1, -1
2643, unedit, -1, -1, -1, -1
2644, unedit, -1, -1, -1, -1
2645, unedit, -1, -1, -1, -1
2646, unedit, -1, -1, -1, -1
2647, unedit, -1, -1, -1, -1
2648, unedit, -1, -1, -1, -1
2649, unedit, -1, -1, -1, -1
2650, unedit, -1, -1, -1, -1
2651, unedit, -1, -1, -1, -1
2652, unedit, -1, -1, -1, -1
2653, unedit, -1, -1, -1, -1
2654, unedit, -1, -1, -1, -1
2655, unedit, -1, -1, -1, -1
2656, unedit, -1, -1, -1, -1
2657, unedit, -1, -1, -1, -1
2658, unedit, -1, -1, -1, -1
2659, unedit, -1, -1, -1, -1
2660, unedit, -1, -1, -1, -1
2661, unedit, -1, -1, -1, -1
2662, unedit, -1, -1, -1, -1
2663, unedit, -1, -1, -1, -1
2664, unedit, -1, -1, -1, -1
2665, unedit, -1, -1, -1, -1
2666, unedit, -1, -1, -1, -1
2667, unedit, -1, -1, -1, -1
2668, unedit, -1, -1, -1, -1
2669, unedit, -1, -1, -1, -1
2670, unedit, -1, -1, -1, -1
2671, unedit, -1, -1, -1, -1
2672, unedit, -1, -1, -1, -1
2673, unedit, -1, -1, -1, -1
2674, unedit, -1, -1, -1, -1
2675, unedit, -1, -1, -1, -1
2676, unedit, -1, -1, -1, -1
2677, unedit, -1, -1, -1, -1
2678, unedit, -1, -1, -1, -1
2679, unedit, -1, -1, -1, -1
2680, unedit, -1, -1, -1, -1
2681, unedit, -1, -1, -1, -1
2682, unedit, -1, -1, -1, -1
2683, unedit, -1, -1, -1, -1
2684, unedit, -1, -1, -1, -1
2685, unedit, -1, -1, -1, -1
2686, unedit, -1, -1, -1, -1
2687, unedit, -1, -1, -1, -1
2688, unedit, -1, -1, -1, -1
2689, unedit, -1, -1, -1, -1
2690, unedit, -1, -1, -1, -1
2691, unedit, -1, -1, -1, -1
2692, unedit, -1, -1, -1, -1
2693, unedit, -1, -1, -1, -1
2694, unedit, -1, -1, -1, -1
2695, unedit, -1, -1, -1, -1
2696, unedit, -1, -1, -1, -1
2697, unedit, -1, -1, -1, -1
2698, unedit, -1, -1, -1, -1
2699, unedit, -1, -1, -1, -1
2700, unedit, -1, -1, -1, -1
2701, unedit, -1, -1, -1, -1
2702, unedit, -1, -1, -1, -1
2703, unedit, -1, -1, -1, -1
2704, unedit, -1, -1, -1, -1
2705, unedit, -1, -1, -1, -1
2706, unedit, -1, -1, -1, -1
2707, unedit, -1, -1, -1, -1
2708, unedit, -1, -1, -1, -1
2709, unedit, -1, -1, -1, -1
2710, unedit, -1, -1, -1, -1
2711, unedit, -1, -1, -1, -1
2712, unedit, -1, -1, -1, -1
2713, unedit, -1, -1, -1, -1
2714, unedit, -1, -1, -1, -1
2715, unedit, -1, -1, -1, -1
2716, unedit, -1, -1, -1, -1
2717, unedit, -1, -1, -1, -1
2718, unedit, -1, -1, -1, -1
2719, unedit, -1, -1, -1, -1
2720, unedit, -1, -1, -1, -1
2721, unedit, -1, -1, -1, -1
2722, unedit, -1, -1, -1, -1
2723, unedit, -1, -1, -1, -1
2724, unedit, -1, -1, -1, -1
2725, unedit, -1, -1, -1, -1
2726, unedit, -1, -1, -1, -1
2727, unedit, -1, -1, -1, -1
2728, unedit, -1, -1, -1, -1
2729, unedit, -1, -1, -1, -1
2730, unedit, -1, -1, -1, -1
2731, unedit, -1, -1, -1, -1
2732, unedit, -1, -1, -1, -1
2733, unedit, -1, -1, -1, -1
2734, unedit, -1, -1, -1, -1
2735, unedit, -1, -1, -1, -1
2736, unedit, -1, -1, -1, -1
2737, unedit, -1, -1, -1, -1
2738, unedit, -1, -1, -1, -1
2739, unedit, -1, -1, -1, -1
2740, unedit, -1, -1, -1, -1
2741, unedit, -1, -1, -1, -1
2742, unedit, -1, -1, -1, -1
2743, unedit, -1, -1, -1, -1
2744, unedit, -1, -1, -1, -1
2745, unedit, -1, -1, -1, -1
2746, unedit, -1, -1, -1, -1
2747, unedit, -1, -1, -1, -1
2748, unedit, -1, -1, -1, -1
2749, unedit, -1, -1, -1, -1
2750, unedit, -1, -1, -1, -1
2751, unedit, -1, -1, -1, -1
2752, unedit, -1, -1, -1, -1
2753, unedit, -1, -1, -1, -1
2754, unedit, -1, -1, -1, -1
2755, unedit, -1, -1, -1, -1
2756, unedit, -1, -1, -1, -1
2757, unedit, -1, -1, -1, -1
2758, unedit, -1, -1, -1, -1
2759, unedit, -1, -1, -1, -1
2760, unedit, -1, -1, -1, -1
2761, unedit, -1, -1, -1, -1
2762, unedit, -1, -1, -1, -1
2763, unedit, -1, -1, -1, -1
2764, unedit, -1, -1, -1, -1
2765, unedit, -1, -1, -1, -1
2766, unedit, -1, -1, -1, -1
2767, unedit, -1, -1, -1, -1
2768, unedit, -1, -1, -1, -1
2769, unedit, -1, -1, -1, -1
2770, unedit, -1, -1, -1, -1
2771, unedit, -1, -1, -1, -1
2772, unedit, -1, -1, -1, -1
2773, unedit, -1, -1, -1, -1
2774, unedit, -1, -1, -1, -1
2775, unedit, -1, -1, -1, -1
2776, unedit, -1, -1, -1, -1
2777, unedit, -1, -1, -1, -1
2778, unedit, -1, -1, -1, -1
2779, unedit, -1, -1, -1, -1
2780, unedit, -1, -1, -1, -1
2781, unedit, -1, -1, -1, -1
2782, unedit, -1, -1, -1, -1
2783, unedit, -1, -1, -1, -1
2784, unedit, -1, -1, -1, -1
2785, unedit, -1, -1, -1, -1
2786, unedit, -1, -1, -1, -1
2787, unedit, -1, -1, -1, -1
2788, unedit, -1, -1, -1, -1
2789, unedit, -1, -1, -1, -1
2790, unedit, -1, -1, -1, -1
2791, unedit, -1, -1, -1, -1
2792, unedit, -1, -1, -1, -1
2793, unedit, -1, -1, -1, -1
2794, unedit, -1, -1, -1, -1
2795, unedit, -1, -1, -1, -1
2796, unedit, -1, -1, -1, -1
2797, unedit, -1, -1, -1, -1
2798, unedit, -1, -1, -1, -1
2799, unedit, -1, -1, -1, -1
2800, unedit, -1, -1, -1, -1
2801, unedit, -1, -1, -1, -1
2802, unedit, -1, -1, -1, -1
2803, unedit, -1, -1, -1, -1
2804, unedit, -1, -1, -1, -1
2805, unedit, -1, -1, -1, -1
2806, unedit, -1, -1, -1, -1
2807, unedit, -1, -1, -1, -1
2808, unedit, -1, -1, -1, -1
2809, unedit, -1, -1, -1, -1
2810, unedit, -1, -1, -1, -1
2811, unedit, -1, -1, -1, -1
2812, unedit, -1, -1, -1, -1
2813, unedit, -1, -1, -1, -1
2814, unedit, -1, -1, -1, -1
2815, unedit, -1, -1, -1, -1
2816, unedit, -1, -1, -1, -1
2817, unedit, -1, -1, -1, -1
2818, unedit, -1, -1, -1, -1
2819, unedit, -1, -1, -1, -1
2820, unedit, -1, -1, -1, -1
2821, unedit, -1, -1, -1, -1
2822, unedit, -1, -1, -1, -1
2823, unedit, -1, -1, -1, -1
2824, unedit, -1, -1, -1, -1
2825, unedit, -1, -1, -1, -1
2826, unedit, -1, -1, -1, -1
2827, unedit, -1, -1, -1, -1
2828, unedit, -1, -1, -1, -1
2829, unedit, -1, -1, -1, -1
2830, unedit, -1, -1, -1, -1
2831, unedit, -1, -1, -1, -1
2832, unedit, -1, -1, -1, -1
2833, unedit, -1, -1, -1, -1
2834, unedit, -1, -1, -1, -1
2835, unedit, -1, -1, -1, -1
2836, unedit, -1, -1, -1, -1
2837, unedit, -1, -1, -1, -1
2838, unedit, -1, -1, -1, -1
2839, unedit, -1, -1, -1, -1
2840, unedit, -1, -1, -1, -1
2841, unedit, -1, -1, -1, -1
2842, unedit, -1, -1, -1, -1
2843, unedit, -1, -1, -1, -1
2844, unedit, -1, -1, -1, -1
2845, unedit, -1, -1, -1, -1
2846, unedit, -1, -1, -1, -1
2847, unedit, -1, -1, -1, -1
2848, unedit, -1, -1, -1, -1
2849, unedit, -1, -1, -1, -1
2850, unedit, -1, -1, -1, -1
2851, unedit, -1, -1, -1, -1
2852, unedit, -1, -1, -1, -1
2853, unedit, -1, -1, -1, -1
2854, unedit, -1, -1, -1, -1
2855, unedit, -1, -1, -1, -1
2856, unedit, -1, -1, -1, -1
2857, unedit, -1, -1, -1, -1
2858, unedit, -1, -1, -1, -1
2859, unedit, -1, -1, -1, -1
2860, unedit, -1, -1, -1, -1
2861, unedit, -1, -1, -1, -1
2862, unedit, -1, -1, -1, -1
2863, unedit, -1, -1, -1, -1
2864, unedit, -1, -1, -1, -1
2865, unedit, -1, -1, -1, -1
2866, unedit, -1, -1, -1, -1
2867, unedit, -1, -1, -1, -1
2868, unedit, -1, -1, -1, -1
2869, unedit, -1, -1, -1, -1
2870, unedit, -1, -1, -1, -1
2871, unedit, -1, -1, -1, -1
2872, unedit, -1, -1, -1, -1
2873, unedit, -1, -1, -1, -1
2874, unedit, -1, -1, -1, -1
2875, unedit, -1, -1, -1, -1
2876, unedit, -1, -1, -1, -1
2877, unedit, -1, -1, -1, -1
2878, unedit, -1, -1, -1, -1
2879, unedit, -1, -1, -1, -1
2880, unedit, -1, -1, -1, -1
2881, unedit, -1, -1, -1, -1
2882, unedit, -1, -1, -1, -1
2883, unedit, -1, -1, -1, -1
2884, unedit, -1, -1, -1, -1
2885, unedit, -1, -1, -1, -1
2886, unedit, -1, -1, -1, -1
2887, unedit, -1, -1, -1, -1
2888, unedit, -1, -1, -1, -1
2889, unedit, -1, -1, -1, -1
2890, unedit, -1, -1, -1, -1
2891, unedit, -1, -1, -1, -1
2892, unedit, -1, -1, -1, -1
2893, unedit, -1, -1, -1, -1
2894, unedit, -1, -1, -1, -1
2895, unedit, -1, -1, -1, -1
2896, unedit, -1, -1, -1, -1
2897, unedit, -1, -1, -1, -1
2898, unedit, -1, -1, -1, -1
2899, unedit, -1, -1, -1, -1
2900, unedit, -1, -1, -1, -1
2901, unedit, -1, -1, -1, -1
2902, unedit, -1, -1, -1, -1
2903, unedit, -1, -1, -1, -1
2904, unedit, -1, -1, -1, -1
2905, unedit, -1, -1, -1, -1
2906, unedit, -1, -1, -1, -1
2907, unedit, -1, -1, -1, -1
2908, unedit, -1, -1, -1, -1
2909, unedit, -1, -1, -1, -1
2910, unedit, -1, -1, -1, -1
2911, unedit, -1, -1, -1, -1
2912, unedit, -1, -1, -1, -1
2913, unedit, -1, -1, -1, -1
2914, unedit, -1, -1, -1, -1
2915, unedit, -1, -1, -1, -1
2916, unedit, -1, -1, -1, -1
2917, unedit, -1, -1, -1, -1
2918, unedit, -1, -1, -1, -1
2919, unedit, -1, -1, -1, -1
2920, unedit, -1, -1, -1, -1
2921, unedit, -1, -1, -1, -1
2922, unedit, -1, -1, -1, -1
2923, unedit, -1, -1, -1, -1
2924, unedit, -1, -1, -1, -1
2925, unedit, -1, -1, -1, -1
2926, unedit, -1, -1, -1, -1
2927, unedit, -1, -1, -1, -1
2928, unedit, -1, -1, -1, -1
2929, unedit, -1, -1, -1, -1
2930, unedit, -1, -1, -1, -1
2931, unedit, -1, -1, -1, -1
2932, unedit, -1, -1, -1, -1
2933, unedit, -1, -1, -1, -1
2934, unedit, -1, -1, -1, -1
2935, unedit, -1, -1, -1, -1
2936, unedit, -1, -1, -1, -1
2937, unedit, -1, -1, -1, -1
2938, unedit, -1, -1, -1, -1
2939, unedit, -1, -1, -1, -1
2940, unedit, -1, -1, -1, -1
2941, unedit, -1, -1, -1, -1
2942, unedit, -1, -1, -1, -1
2943, unedit, -1, -1, -1, -1
2944, unedit, -1, -1, -1, -1
2945, unedit, -1, -1, -1, -1
2946, unedit, -1, -1, -1, -1
2947, unedit, -1, -1, -1, -1
2948, unedit, -1, -1, -1, -1
2949, unedit, -1, -1, -1, -1
2950, unedit, -1, -1, -1, -1
2951, unedit, -1, -1, -1, -1
2952, unedit, -1, -1, -1, -1
2953, unedit, -1, -1, -1, -1
2954, unedit, -1, -1, -1, -1
2955, unedit, -1, -1, -1, -1
2956, unedit, -1, -1, -1, -1
2957, unedit, -1, -1, -1, -1
2958, unedit, -1, -1, -1, -1
2959, unedit, -1, -1, -1, -1
2960, unedit, -1, -1, -1, -1
2961, unedit, -1, -1, -1, -1
2962, unedit, -1, -1, -1, -1
2963, unedit, -1, -1, -1, -1
2964, unedit, -1, -1, -1, -1
2965, unedit, -1, -1, -1, -1
2966, unedit, -1, -1, -1, -1
2967, unedit, -1, -1, -1, -1
2968, unedit, -1, -1, -1, -1
2969, unedit, -1, -1, -1, -1
2970, unedit, -1, -1, -1, -1
2971, unedit, -1, -1, -1, -1
2972, unedit, -1, -1, -1, -1
2973, unedit, -1, -1, -1, -1
2974, unedit, -1, -1, -1, -1
2975, unedit, -1, -1, -1, -1
2976, unedit, -1, -1, -1, -1
2977, unedit, -1, -1, -1, -1
2978, unedit, -1, -1, -1, -1
2979, unedit, -1, -1, -1, -1
2980, unedit, -1, -1, -1, -1
2981, unedit, -1, -1, -1, -1
2982, unedit, -1, -1, -1, -1
2983, unedit, -1, -1, -1, -1
2984, unedit, -1, -1, -1, -1
2985, unedit, -1, -1, -1, -1
2986, unedit, -1, -1, -1, -1
2987, unedit, -1, -1, -1, -1
2988, unedit, -1, -1, -1, -1
2989, unedit, -1, -1, -1, -1
2990, unedit, -1, -1, -1, -1
2991, unedit, -1, -1, -1, -1
2992, unedit, -1, -1, -1, -1
2993, unedit, -1, -1, -1, -1
2994, unedit, -1, -1, -1, -1
2995, unedit, -1, -1, -1, -1
2996, unedit, -1, -1, -1, -1
2997, unedit, -1, -1, -1, -1
2998, unedit, -1, -1, -1, -1
2999, unedit, -1, -1, -1, -1
3000, unedit, -1, -1, -1, -1
3001, unedit, -1, -1, -1, -1
3002, unedit, -1, -1, -1, -1
3003, unedit, -1, -1, -1, -1
3004, unedit, -1, -1, -1, -1
3005, unedit, -1, -1, -1, -1
3006, unedit, -1, -1, -1, -1
3007, unedit, -1, -1, -1, -1
3008, unedit, -1, -1, -1, -1
3009, unedit, -1, -1, -1, -1
3010, unedit, -1, -1, -1, -1
3011, unedit, -1, -1, -1, -1
3012, unedit, -1, -1, -1, -1
3013, unedit, -1, -1, -1, -1
3014, unedit, -1, -1, -1, -1
3015, unedit, -1, -1, -1, -1
3016, unedit, -1, -1, -1, -1
3017, unedit, -1, -1, -1, -1
3018, unedit, -1, -1, -1, -1
3019, unedit, -1, -1, -1, -1
3020, unedit, -1, -1, -1, -1
3021, unedit, -1, -1, -1, -1
3022, unedit, -1, -1, -1, -1
3023, unedit, -1, -1, -1, -1
3024, unedit, -1, -1, -1, -1
3025, unedit, -1, -1, -1, -1
3026, unedit, -1, -1, -1, -1
3027, unedit, -1, -1, -1, -1
3028, unedit, -1, -1, -1, -1
3029, unedit, -1, -1, -1, -1
3030, unedit, -1, -1, -1, -1
3031, unedit, -1, -1, -1, -1
3032, unedit, -1, -1, -1, -1
3033, unedit, -1, -1, -1, -1
3034, unedit, -1, -1, -1, -1
3035, unedit, -1, -1, -1, -1
3036, unedit, -1, -1, -1, -1
3037, unedit, -1, -1, -1, -1
3038, unedit, -1, -1, -1, -1
3039, unedit, -1, -1, -1, -1
3040, unedit, -1, -1, -1, -1
3041, unedit, -1, -1, -1, -1
3042, unedit, -1, -1, -1, -1
3043, unedit, -1, -1, -1, -1
3044, unedit, -1, -1, -1, -1
3045, unedit, -1, -1, -1, -1
3046, unedit, -1, -1, -1, -1
3047, unedit, -1, -1, -1, -1
3048, unedit, -1, -1, -1, -1
3049, unedit, -1, -1, -1, -1
3050, unedit, -1, -1, -1, -1
3051, unedit, -1, -1, -1, -1
3052, unedit, -1, -1, -1, -1
3053, unedit, -1, -1, -1, -1
3054, unedit, -1, -1, -1, -1
3055, unedit, -1, -1, -1, -1
3056, unedit, -1, -1, -1, -1
3057, unedit, -1, -1, -1, -1
3058, unedit, -1, -1, -1, -1
3059, unedit, -1, -1, -1, -1
3060, unedit, -1, -1, -1, -1
3061, unedit, -1, -1, -1, -1
3062, unedit, -1, -1, -1, -1
3063, unedit, -1, -1, -1, -1
3064, unedit, -1, -1, -1, -1
3065, unedit, -1, -1, -1, -1
3066, unedit, -1, -1, -1, -1
3067, unedit, -1, -1, -1, -1
3068, unedit, -1, -1, -1, -1
3069, unedit, -1, -1, -1, -1
3070, unedit, -1, -1, -1, -1
3071, unedit, -1, -1, -1, -1
3072, unedit, -1, -1, -1, -1
3073, unedit, -1, -1, -1, -1
3074, unedit, -1, -1, -1, -1
3075, unedit, -1, -1, -1, -1
3076, unedit, -1, -1, -1, -1
3077, unedit, -1, -1, -1, -1
3078, unedit, -1, -1, -1, -1
3079, unedit, -1, -1, -1, -1
3080, unedit, -1, -1, -1, -1
3081, unedit, -1, -1, -1, -1
3082, unedit, -1, -1, -1, -1
3083, unedit, -1, -1, -1, -1
3084, unedit, -1, -1, -1, -1
3085, unedit, -1, -1, -1, -1
3086, unedit, -1, -1, -1, -1
3087, unedit, -1, -1, -1, -1
3088, unedit, -1, -1, -1, -1
3089, unedit, -1, -1, -1, -1
3090, unedit, -1, -1, -1, -1
3091, unedit, -1, -1, -1, -1
3092, unedit, -1, -1, -1, -1
3093, unedit, -1, -1, -1, -1
3094, unedit, -1, -1, -1, -1
3095, unedit, -1, -1, -1, -1
3096, unedit, -1, -1, -1, -1
3097, unedit, -1, -1, -1, -1
3098, unedit, -1, -1, -1, -1
3099, unedit, -1, -1, -1, -1
3100, unedit, -1, -1, -1, -1
3101, unedit, -1, -1, -1, -1
3102, unedit, -1, -1, -1, -1
3103, unedit, -1, -1, -1, -1
3104, unedit, -1, -1, -1, -1
3105, unedit, -1, -1, -1, -1
3106, unedit, -1, -1, -1, -1
3107, unedit, -1, -1, -1, -1
3108, unedit, -1, -1, -1, -1
3109, unedit, -1, -1, -1, -1
3110, unedit, -1, -1, -1, -1
3111, unedit, -1, -1, -1, -1
3112, unedit, -1, -1, -1, -1
3113, unedit, -1, -1, -1, -1
3114, unedit, -1, -1, -1, -1
3115, unedit, -1, -1, -1, -1
3116, unedit, -1, -1, -1, -1
3117, unedit, -1, -1, -1, -1
3118, unedit, -1, -1, -1, -1
3119, unedit, -1, -1, -1, -1
3120, unedit, -1, -1, -1, -1
3121, unedit, -1, -1, -1, -1
3122, unedit, -1, -1, -1, -1
3123, unedit, -1, -1, -1, -1
3124, unedit, -1, -1, -1, -1
3125, unedit, -1, -1, -1, -1
3126, unedit, -1, -1, -1, -1
3127, unedit, -1, -1, -1, -1
3128, unedit, -1, -1, -1, -1
3129, unedit, -1, -1, -1, -1
3130, unedit, -1, -1, -1, -1
3131, unedit, -1, -1, -1, -1
3132, unedit, -1, -1, -1, -1
3133, unedit, -1, -1, -1, -1
3134, unedit, -1, -1, -1, -1
3135, unedit, -1, -1, -1, -1
3136, unedit, -1, -1, -1, -1
3137, unedit, -1, -1, -1, -1
3138, unedit, -1, -1, -1, -1
3139, unedit, -1, -1, -1, -1
3140, unedit, -1, -1, -1, -1
3141, unedit, -1, -1, -1, -1
3142, unedit, -1, -1, -1, -1
3143, unedit, -1, -1, -1, -1
3144, unedit, -1, -1, -1, -1
3145, unedit, -1, -1, -1, -1
3146, unedit, -1, -1, -1, -1
3147, unedit, -1, -1, -1, -1
3148, unedit, -1, -1, -1, -1
3149, unedit, -1, -1, -1, -1
3150, unedit, -1, -1, -1, -1
3151, unedit, -1, -1, -1, -1
3152, unedit, -1, -1, -1, -1
3153, unedit, -1, -1, -1, -1
3154, unedit, -1, -1, -1, -1
3155, unedit, -1, -1, -1, -1
3156, unedit, -1, -1, -1, -1
3157, unedit, -1, -1, -1, -1
3158, unedit, -1, -1, -1, -1
3159, unedit, -1, -1, -1, -1
3160, unedit, -1, -1, -1, -1
3161, unedit, -1, -1, -1, -1
3162, unedit, -1, -1, -1, -1
3163, unedit, -1, -1, -1, -1
3164, unedit, -1, -1, -1, -1
3165, unedit, -1, -1, -1, -1
3166, unedit, -1, -1, -1, -1
3167, unedit, -1, -1, -1, -1
3168, unedit, -1, -1, -1, -1
3169, unedit, -1, -1, -1, -1
3170, unedit, -1, -1, -1, -1
3171, unedit, -1, -1, -1, -1
3172, unedit, -1, -1, -1, -1
3173, unedit, -1, -1, -1, -1
3174, unedit, -1, -1, -1, -1
3175, unedit, -1, -1, -1, -1
3176, unedit, -1, -1, -1, -1
3177, unedit, -1, -1, -1, -1
3178, unedit, -1, -1, -1, -1
3179, unedit, -1, -1, -1, -1
3180, unedit, -1, -1, -1, -1
3181, unedit, -1, -1, -1, -1
3182, unedit, -1, -1, -1, -1
3183, unedit, -1, -1, -1, -1
3184, unedit, -1, -1, -1, -1
3185, unedit, -1, -1, -1, -1
3186, unedit, -1, -1, -1, -1
3187, unedit, -1, -1, -1, -1
3188, unedit, -1, -1, -1, -1
3189, unedit, -1, -1, -1, -1
3190, unedit, -1, -1, -1, -1
3191, unedit, -1, -1, -1, -1
3192, unedit, -1, -1, -1, -1
3193, unedit, -1, -1, -1, -1
3194, unedit, -1, -1, -1, -1
3195, unedit, -1, -1, -1, -1
3196, unedit, -1, -1, -1, -1
3197, unedit, -1, -1, -1, -1
3198, unedit, -1, -1, -1, -1
3199, unedit, -1, -1, -1, -1
3200, unedit, -1, -1, -1, -1
3201, unedit, -1, -1, -1, -1
3202, unedit, -1, -1, -1, -1
3203, unedit, -1, -1, -1, -1
3204, unedit, -1, -1, -1, -1
3205, unedit, -1, -1, -1, -1
3206, unedit, -1, -1, -1, -1
3207, unedit, -1, -1, -1, -1
3208, unedit, -1, -1, -1, -1
3209, unedit, -1, -1, -1, -1
3210, unedit, -1, -1, -1, -1
3211, unedit, -1, -1, -1, -1
3212, unedit, -1, -1, -1, -1
3213, unedit, -1, -1, -1, -1
3214, unedit, -1, -1, -1, -1
3215, unedit, -1, -1, -1, -1
3216, unedit, -1, -1, -1, -1
3217, unedit, -1, -1, -1, -1
3218, unedit, -1, -1, -1, -1
3219, unedit, -1, -1, -1, -1
3220, unedit, -1, -1, -1, -1
3221, unedit, -1, -1, -1, -1
3222, unedit, -1, -1, -1, -1
3223, unedit, -1, -1, -1, -1
3224, unedit, -1, -1, -1, -1
3225, unedit, -1, -1, -1, -1
3226, unedit, -1, -1, -1, -1
3227, unedit, -1, -1, -1, -1
3228, unedit, -1, -1, -1, -1
3229, unedit, -1, -1, -1, -1
3230, unedit, -1, -1, -1, -1
3231, unedit, -1, -1, -1, -1
3232, unedit, -1, -1, -1, -1
3233, unedit, -1, -1, -1, -1
3234, unedit, -1, -1, -1, -1
3235, unedit, -1, -1, -1, -1
3236, unedit, -1, -1, -1, -1
3237, unedit, -1, -1, -1, -1
3238, unedit, -1, -1, -1, -1
3239, unedit, -1, -1, -1, -1
3240, unedit, -1, -1, -1, -1
3241, unedit, -1, -1, -1, -1
3242, unedit, -1, -1, -1, -1
3243, unedit, -1, -1, -1, -1
3244, unedit, -1, -1, -1, -1
3245, unedit, -1, -1, -1, -1
3246, unedit, -1, -1, -1, -1
3247, unedit, -1, -1, -1, -1
3248, unedit, -1, -1, -1, -1
3249, unedit, -1, -1, -1, -1
3250, unedit, -1, -1, -1, -1
3251, unedit, -1, -1, -1, -1
3252, unedit, -1, -1, -1, -1
3253, unedit, -1, -1, -1, -1
3254, unedit, -1, -1, -1, -1
3255, unedit, -1, -1, -1, -1
3256, unedit, -1, -1, -1, -1
3257, unedit, -1, -1, -1, -1
3258, unedit, -1, -1, -1, -1
3259, unedit, -1, -1, -1, -1
3260, unedit, -1, -1, -1, -1
3261, unedit, -1, -1, -1, -1
3262, unedit, -1, -1, -1, -1
3263, unedit, -1, -1, -1, -1
3264, unedit, -1, -1, -1, -1
3265, unedit, -1, -1, -1, -1
3266, unedit, -1, -1, -1, -1
3267, unedit, -1, -1, -1, -1
3268, unedit, -1, -1, -1, -1
3269, unedit, -1, -1, -1, -1
3270, unedit, -1, -1, -1, -1
3271, unedit, -1, -1, -1, -1
3272, unedit, -1, -1, -1, -1
3273, unedit, -1, -1, -1, -1
3274, unedit, -1, -1, -1, -1
3275, unedit, -1, -1, -1, -1
3276, unedit, -1, -1, -1, -1
3277, unedit, -1, -1, -1, -1
3278, unedit, -1, -1, -1, -1
3279, unedit, -1, -1, -1, -1
3280, unedit, -1, -1, -1, -1
3281, unedit, -1, -1, -1, -1
3282, unedit, -1, -1, -1, -1
3283, unedit, -1, -1, -1, -1
3284, unedit, -1, -1, -1, -1
3285, unedit, -1, -1, -1, -1
3286, unedit, -1, -1, -1, -1
3287, unedit, -1, -1, -1, -1
3288, unedit, -1, -1, -1, -1
3289, unedit, -1, -1, -1, -1
3290, unedit, -1, -1, -1, -1
3291, unedit, -1, -1, -1, -1
3292, unedit, -1, -1, -1, -1
3293, unedit, -1, -1, -1, -1
3294, unedit, -1, -1, -1, -1
3295, unedit, -1, -1, -1, -1
3296, unedit, -1, -1, -1, -1
3297, unedit, -1, -1, -1, -1
3298, unedit, -1, -1, -1, -1
3299, unedit, -1, -1, -1, -1
3300, unedit, -1, -1, -1, -1
3301, unedit, -1, -1, -1, -1
3302, unedit, -1, -1, -1, -1
3303, unedit, -1, -1, -1, -1
3304, unedit, -1, -1, -1, -1
3305, unedit, -1, -1, -1, -1
3306, unedit, -1, -1, -1, -1
3307, unedit, -1, -1, -1, -1
3308, unedit, -1, -1, -1, -1
3309, unedit, -1, -1, -1, -1
3310, unedit, -1, -1, -1, -1
3311, unedit, -1, -1, -1, -1
3312, unedit, -1, -1, -1, -1
3313, unedit, -1, -1, -1, -1
3314, unedit, -1, -1, -1, -1
3315, unedit, -1, -1, -1, -1
3316, unedit, -1, -1, -1, -1
3317, unedit, -1, -1, -1, -1
3318, unedit, -1, -1, -1, -1
3319, unedit, -1, -1, -1, -1
3320, unedit, -1, -1, -1, -1
3321, unedit, -1, -1, -1, -1
3322, unedit, -1, -1, -1, -1
3323, unedit, -1, -1, -1, -1
3324, unedit, -1, -1, -1, -1
3325, unedit, -1, -1, -1, -1
3326, unedit, -1, -1, -1, -1
3327, unedit, -1, -1, -1, -1
3328, unedit, -1, -1, -1, -1
3329, unedit, -1, -1, -1, -1
3330, unedit, -1, -1, -1, -1
3331, unedit, -1, -1, -1, -1
3332, unedit, -1, -1, -1, -1
3333, unedit, -1, -1, -1, -1
3334, unedit, -1, -1, -1, -1
3335, unedit, -1, -1, -1, -1
3336, unedit, -1, -1, -1, -1
3337, unedit, -1, -1, -1, -1
3338, unedit, -1, -1, -1, -1
3339, unedit, -1, -1, -1, -1
3340, unedit, -1, -1, -1, -1
3341, unedit, -1, -1, -1, -1
3342, unedit, -1, -1, -1, -1
3343, unedit, -1, -1, -1, -1
3344, unedit, -1, -1, -1, -1
3345, unedit, -1, -1, -1, -1
3346, unedit, -1, -1, -1, -1
3347, unedit, -1, -1, -1, -1
3348, unedit, -1, -1, -1, -1
3349, unedit, -1, -1, -1, -1
3350, unedit, -1, -1, -1, -1
3351, unedit, -1, -1, -1, -1
3352, unedit, -1, -1, -1, -1
3353, unedit, -1, -1, -1, -1
3354, unedit, -1, -1, -1, -1
3355, unedit, -1, -1, -1, -1
3356, unedit, -1, -1, -1, -1
3357, unedit, -1, -1, -1, -1
3358, unedit, -1, -1, -1, -1
3359, unedit, -1, -1, -1, -1
3360, unedit, -1, -1, -1, -1
3361, unedit, -1, -1, -1, -1
3362, unedit, -1, -1, -1, -1
3363, unedit, -1, -1, -1, -1
3364, unedit, -1, -1, -1, -1
3365, unedit, -1, -1, -1, -1
3366, unedit, -1, -1, -1, -1
3367, unedit, -1, -1, -1, -1
3368, unedit, -1, -1, -1, -1
3369, unedit, -1, -1, -1, -1
3370, unedit, -1, -1, -1, -1
3371, unedit, -1, -1, -1, -1
3372, unedit, -1, -1, -1, -1
3373, unedit, -1, -1, -1, -1
3374, unedit, -1, -1, -1, -1
3375, unedit, -1, -1, -1, -1
3376, unedit, -1, -1, -1, -1
3377, unedit, -1, -1, -1, -1
3378, unedit, -1, -1, -1, -1
3379, unedit, -1, -1, -1, -1
3380, unedit, -1, -1, -1, -1
3381, unedit, -1, -1, -1, -1
3382, unedit, -1, -1, -1, -1
3383, unedit, -1, -1, -1, -1
3384, unedit, -1, -1, -1, -1
3385, unedit, -1, -1, -1, -1
3386, unedit, -1, -1, -1, -1
3387, unedit, -1, -1, -1, -1
3388, unedit, -1, -1, -1, -1
3389, unedit, -1, -1, -1, -1
3390, unedit, -1, -1, -1, -1
3391, unedit, -1, -1, -1, -1
3392, unedit, -1, -1, -1, -1
3393, unedit, -1, -1, -1, -1
3394, unedit, -1, -1, -1, -1
3395, unedit, -1, -1, -1, -1
3396, unedit, -1, -1, -1, -1
3397, unedit, -1, -1, -1, -1
3398, unedit, -1, -1, -1, -1
3399, unedit, -1, -1, -1, -1
3400, unedit, -1, -1, -1, -1
3401, unedit, -1, -1, -1, -1
3402, unedit, -1, -1, -1, -1
3403, unedit, -1, -1, -1, -1
3404, unedit, -1, -1, -1, -1
3405, unedit, -1, -1, -1, -1
3406, unedit, -1, -1, -1, -1
3407, unedit, -1, -1, -1, -1
3408, unedit, -1, -1, -1, -1
3409, unedit, -1, -1, -1, -1
3410, unedit, -1, -1, -1, -1
3411, unedit, -1, -1, -1, -1
3412, unedit, -1, -1, -1, -1
3413, unedit, -1, -1, -1, -1
3414, unedit, -1, -1, -1, -1
3415, unedit, -1, -1, -1, -1
3416, unedit, -1, -1, -1, -1
3417, unedit, -1, -1, -1, -1
3418, unedit, -1, -1, -1, -1
3419, unedit, -1, -1, -1, -1
3420, unedit, -1, -1, -1, -1
3421, unedit, -1, -1, -1, -1
3422, unedit, -1, -1, -1, -1
3423, unedit, -1, -1, -1, -1
3424, unedit, -1, -1, -1, -1
3425, unedit, -1, -1, -1, -1
3426, unedit, -1, -1, -1, -1
3427, unedit, -1, -1, -1, -1
3428, unedit, -1, -1, -1, -1
3429, unedit, -1, -1, -1, -1
3430, unedit, -1, -1, -1, -1
3431, unedit, -1, -1, -1, -1
3432, unedit, -1, -1, -1, -1
3433, unedit, -1, -1, -1, -1
3434, unedit, -1, -1, -1, -1
3435, unedit, -1, -1, -1, -1
3436, unedit, -1, -1, -1, -1
3437, unedit, -1, -1, -1, -1
3438, unedit, -1, -1, -1, -1
3439, unedit, -1, -1, -1, -1
3440, unedit, -1, -1, -1, -1
3441, unedit, -1, -1, -1, -1
3442, unedit, -1, -1, -1, -1
3443, unedit, -1, -1, -1, -1
3444, unedit, -1, -1, -1, -1
3445, unedit, -1, -1, -1, -1
3446, unedit, -1, -1, -1, -1
3447, unedit, -1, -1, -1, -1
3448, unedit, -1, -1, -1, -1
3449, unedit, -1, -1, -1, -1
3450, unedit, -1, -1, -1, -1
3451, unedit, -1, -1, -1, -1
3452, unedit, -1, -1, -1, -1
3453, unedit, -1, -1, -1, -1
3454, unedit, -1, -1, -1, -1
3455, unedit, -1, -1, -1, -1
3456, unedit, -1, -1, -1, -1
3457, unedit, -1, -1, -1, -1
3458, unedit, -1, -1, -1, -1
3459, unedit, -1, -1, -1, -1
3460, unedit, -1, -1, -1, -1
3461, unedit, -1, -1, -1, -1
3462, unedit, -1, -1, -1, -1
3463, unedit, -1, -1, -1, -1
3464, unedit, -1, -1, -1, -1
3465, unedit, -1, -1, -1, -1
3466, unedit, -1, -1, -1, -1
3467, unedit, -1, -1, -1, -1
3468, unedit, -1, -1, -1, -1
3469, unedit, -1, -1, -1, -1
3470, unedit, -1, -1, -1, -1
3471, unedit, -1, -1, -1, -1
3472, unedit, -1, -1, -1, -1
3473, unedit, -1, -1, -1, -1
3474, unedit, -1, -1, -1, -1
3475, unedit, -1, -1, -1, -1
3476, unedit, -1, -1, -1, -1
3477, unedit, -1, -1, -1, -1
3478, unedit, -1, -1, -1, -1
3479, unedit, -1, -1, -1, -1
3480, unedit, -1, -1, -1, -1
3481, unedit, -1, -1, -1, -1
3482, unedit, -1, -1, -1, -1
3483, unedit, -1, -1, -1, -1
3484, unedit, -1, -1, -1, -1
3485, unedit, -1, -1, -1, -1
3486, unedit, -1, -1, -1, -1
3487, unedit, -1, -1, -1, -1
3488, unedit, -1, -1, -1, -1
3489, unedit, -1, -1, -1, -1
3490, unedit, -1, -1, -1, -1
3491, unedit, -1, -1, -1, -1
3492, unedit, -1, -1, -1, -1
3493, unedit, -1, -1, -1, -1
3494, unedit, -1, -1, -1, -1
3495, unedit, -1, -1, -1, -1
3496, unedit, -1, -1, -1, -1
3497, unedit, -1, -1, -1, -1
3498, unedit, -1, -1, -1, -1
3499, unedit, -1, -1, -1, -1
3500, unedit, -1, -1, -1, -1
3501, unedit, -1, -1, -1, -1
3502, unedit, -1, -1, -1, -1
3503, unedit, -1, -1, -1, -1
3504, unedit, -1, -1, -1, -1
3505, unedit, -1, -1, -1, -1
3506, unedit, -1, -1, -1, -1
3507, unedit, -1, -1, -1, -1
3508, unedit, -1, -1, -1, -1
3509, unedit, -1, -1, -1, -1
3510, unedit, -1, -1, -1, -1
3511, unedit, -1, -1, -1, -1
3512, unedit, -1, -1, -1, -1
3513, unedit, -1, -1, -1, -1
3514, unedit, -1, -1, -1, -1
3515, unedit, -1, -1, -1, -1
3516, unedit, -1, -1, -1, -1
3517, unedit, -1, -1, -1, -1
3518, unedit, -1, -1, -1, -1
3519, unedit, -1, -1, -1, -1
3520, unedit, -1, -1, -1, -1
3521, unedit, -1, -1, -1, -1
3522, unedit, -1, -1, -1, -1
3523, unedit, -1, -1, -1, -1
3524, unedit, -1, -1, -1, -1
3525, unedit, -1, -1, -1, -1
3526, unedit, -1, -1, -1, -1
3527, unedit, -1, -1, -1, -1
3528, unedit, -1, -1, -1, -1
3529, unedit, -1, -1, -1, -1
3530, unedit, -1, -1, -1, -1
3531, unedit, -1, -1, -1, -1
3532, unedit, -1, -1, -1, -1
3533, unedit, -1, -1, -1, -1
3534, unedit, -1, -1, -1, -1
3535, unedit, -1, -1, -1, -1
3536, unedit, -1, -1, -1, -1
3537, unedit, -1, -1, -1, -1
3538, unedit, -1, -1, -1, -1
3539, unedit, -1, -1, -1, -1
3540, unedit, -1, -1, -1, -1
3541, unedit, -1, -1, -1, -1
3542, unedit, -1, -1, -1, -1
3543, unedit, -1, -1, -1, -1
3544, unedit, -1, -1, -1, -1
3545, unedit, -1, -1, -1, -1
3546, unedit, -1, -1, -1, -1
3547, unedit, -1, -1, -1, -1
3548, unedit, -1, -1, -1, -1
3549, unedit, -1, -1, -1, -1
3550, unedit, -1, -1, -1, -1
3551, unedit, -1, -1, -1, -1
3552, unedit, -1, -1, -1, -1
3553, unedit, -1, -1, -1, -1
3554, unedit, -1, -1, -1, -1
3555, unedit, -1, -1, -1, -1
3556, unedit, -1, -1, -1, -1
3557, unedit, -1, -1, -1, -1
3558, unedit, -1, -1, -1, -1
3559, unedit, -1, -1, -1, -1
3560, unedit, -1, -1, -1, -1
3561, unedit, -1, -1, -1, -1
3562, unedit, -1, -1, -1, -1
3563, unedit, -1, -1, -1, -1
3564, unedit, -1, -1, -1, -1
3565, unedit, -1, -1, -1, -1
3566, unedit, -1, -1, -1, -1
3567, unedit, -1, -1, -1, -1
3568, unedit, -1, -1, -1, -1
3569, unedit, -1, -1, -1, -1
3570, unedit, -1, -1, -1, -1
3571, unedit, -1, -1, -1, -1
3572, unedit, -1, -1, -1, -1
3573, unedit, -1, -1, -1, -1
3574, unedit, -1, -1, -1, -1
3575, unedit, -1, -1, -1, -1
3576, unedit, -1, -1, -1, -1
3577, unedit, -1, -1, -1, -1
3578, unedit, -1, -1, -1, -1
3579, unedit, -1, -1, -1, -1
3580, unedit, -1, -1, -1, -1
3581, unedit, -1, -1, -1, -1
3582, unedit, -1, -1, -1, -1
3583, unedit, -1, -1, -1, -1
3584, unedit, -1, -1, -1, -1
3585, unedit, -1, -1, -1, -1
3586, unedit, -1, -1, -1, -1
3587, unedit, -1, -1, -1, -1
3588, unedit, -1, -1, -1, -1
3589, unedit, -1, -1, -1, -1
3590, unedit, -1, -1, -1, -1
3591, unedit, -1, -1, -1, -1
3592, unedit, -1, -1, -1, -1
3593, unedit, -1, -1, -1, -1
3594, unedit, -1, -1, -1, -1
3595, unedit, -1, -1, -1, -1
3596, unedit, -1, -1, -1, -1
3597, unedit, -1, -1, -1, -1
3598, unedit, -1, -1, -1, -1
3599, unedit, -1, -1, -1, -1
3600, unedit, -1, -1, -1, -1
3601, unedit, -1, -1, -1, -1
3602, unedit, -1, -1, -1, -1
3603, unedit, -1, -1, -1, -1
3604, unedit, -1, -1, -1, -1
3605, unedit, -1, -1, -1, -1
3606, unedit, -1, -1, -1, -1
3607, unedit, -1, -1, -1, -1
3608, unedit, -1, -1, -1, -1
3609, unedit, -1, -1, -1, -1
3610, unedit, -1, -1, -1, -1
3611, unedit, -1, -1, -1, -1
3612, unedit, -1, -1, -1, -1
3613, unedit, -1, -1, -1, -1
3614, unedit, -1, -1, -1, -1
3615, unedit, -1, -1, -1, -1
3616, unedit, -1, -1, -1, -1
3617, unedit, -1, -1, -1, -1
3618, unedit, -1, -1, -1, -1
3619, unedit, -1, -1, -1, -1
3620, unedit, -1, -1, -1, -1
3621, unedit, -1, -1, -1, -1
3622, unedit, -1, -1, -1, -1
3623, unedit, -1, -1, -1, -1
3624, unedit, -1, -1, -1, -1
3625, unedit, -1, -1, -1, -1
3626, unedit, -1, -1, -1, -1
3627, unedit, -1, -1, -1, -1
3628, unedit, -1, -1, -1, -1
3629, unedit, -1, -1, -1, -1
3630, unedit, -1, -1, -1, -1
3631, unedit, -1, -1, -1, -1
3632, unedit, -1, -1, -1, -1
3633, unedit, -1, -1, -1, -1
3634, unedit, -1, -1, -1, -1
3635, unedit, -1, -1, -1, -1
3636, unedit, -1, -1, -1, -1
3637, unedit, -1, -1, -1, -1
3638, unedit, -1, -1, -1, -1
3639, unedit, -1, -1, -1, -1
3640, unedit, -1, -1, -1, -1
3641, unedit, -1, -1, -1, -1
3642, unedit, -1, -1, -1, -1
3643, unedit, -1, -1, -1, -1
3644, unedit, -1, -1, -1, -1
3645, unedit, -1, -1, -1, -1
3646, unedit, -1, -1, -1, -1
3647, unedit, -1, -1, -1, -1
3648, unedit, -1, -1, -1, -1
3649, unedit, -1, -1, -1, -1
3650, unedit, -1, -1, -1, -1
3651, unedit, -1, -1, -1, -1
3652, unedit, -1, -1, -1, -1
3653, unedit, -1, -1, -1, -1
3654, unedit, -1, -1, -1, -1
3655, unedit, -1, -1, -1, -1
3656, unedit, -1, -1, -1, -1
3657, unedit, -1, -1, -1, -1
3658, unedit, -1, -1, -1, -1
3659, unedit, -1, -1, -1, -1
3660, unedit, -1, -1, -1, -1
3661, unedit, -1, -1, -1, -1
3662, unedit, -1, -1, -1, -1
3663, unedit, -1, -1, -1, -1
3664, unedit, -1, -1, -1, -1
3665, unedit, -1, -1, -1, -1
3666, unedit, -1, -1, -1, -1
3667, unedit, -1, -1, -1, -1
3668, unedit, -1, -1, -1, -1
3669, unedit, -1, -1, -1, -1
3670, unedit, -1, -1, -1, -1
3671, unedit, -1, -1, -1, -1
3672, unedit, -1, -1, -1, -1
3673, unedit, -1, -1, -1, -1
3674, unedit, -1, -1, -1, -1
3675, unedit, -1, -1, -1, -1
3676, unedit, -1, -1, -1, -1
3677, unedit, -1, -1, -1, -1
3678, unedit, -1, -1, -1, -1
3679, unedit, -1, -1, -1, -1
3680, unedit, -1, -1, -1, -1
3681, unedit, -1, -1, -1, -1
3682, unedit, -1, -1, -1, -1
3683, unedit, -1, -1, -1, -1
3684, unedit, -1, -1, -1, -1
3685, unedit, -1, -1, -1, -1
3686, unedit, -1, -1, -1, -1
3687, unedit, -1, -1, -1, -1
3688, unedit, -1, -1, -1, -1
3689, unedit, -1, -1, -1, -1
3690, unedit, -1, -1, -1, -1
3691, unedit, -1, -1, -1, -1
3692, unedit, -1, -1, -1, -1
3693, unedit, -1, -1, -1, -1
3694, unedit, -1, -1, -1, -1
3695, unedit, -1, -1, -1, -1
3696, unedit, -1, -1, -1, -1
3697, unedit, -1, -1, -1, -1
3698, unedit, -1, -1, -1, -1
3699, unedit, -1, -1, -1, -1
3700, unedit, -1, -1, -1, -1
3701, unedit, -1, -1, -1, -1
3702, unedit, -1, -1, -1, -1
3703, unedit, -1, -1, -1, -1
3704, unedit, -1, -1, -1, -1
3705, unedit, -1, -1, -1, -1
3706, unedit, -1, -1, -1, -1
3707, unedit, -1, -1, -1, -1
3708, unedit, -1, -1, -1, -1
3709, unedit, -1, -1, -1, -1
3710, unedit, -1, -1, -1, -1
3711, unedit, -1, -1, -1, -1
3712, unedit, -1, -1, -1, -1
3713, unedit, -1, -1, -1, -1
3714, unedit, -1, -1, -1, -1
3715, unedit, -1, -1, -1, -1
3716, unedit, -1, -1, -1, -1
3717, unedit, -1, -1, -1, -1
3718, unedit, -1, -1, -1, -1
3719, unedit, -1, -1, -1, -1
3720, unedit, -1, -1, -1, -1
3721, unedit, -1, -1, -1, -1
3722, unedit, -1, -1, -1, -1
3723, unedit, -1, -1, -1, -1
3724, unedit, -1, -1, -1, -1
3725, unedit, -1, -1, -1, -1
3726, unedit, -1, -1, -1, -1
3727, unedit, -1, -1, -1, -1
3728, unedit, -1, -1, -1, -1
3729, unedit, -1, -1, -1, -1
3730, unedit, -1, -1, -1, -1
3731, unedit, -1, -1, -1, -1
3732, unedit, -1, -1, -1, -1
3733, unedit, -1, -1, -1, -1
3734, unedit, -1, -1, -1, -1
3735, unedit, -1, -1, -1, -1
3736, unedit, -1, -1, -1, -1
3737, unedit, -1, -1, -1, -1
3738, unedit, -1, -1, -1, -1
3739, unedit, -1, -1, -1, -1
3740, unedit, -1, -1, -1, -1
3741, unedit, -1, -1, -1, -1
3742, unedit, -1, -1, -1, -1
3743, unedit, -1, -1, -1, -1
3744, unedit, -1, -1, -1, -1
3745, unedit, -1, -1, -1, -1
3746, unedit, -1, -1, -1, -1
3747, unedit, -1, -1, -1, -1
3748, unedit, -1, -1, -1, -1
3749, unedit, -1, -1, -1, -1
3750, unedit, -1, -1, -1, -1
3751, unedit, -1, -1, -1, -1
3752, unedit, -1, -1, -1, -1
3753, unedit, -1, -1, -1, -1
3754, unedit, -1, -1, -1, -1
3755, unedit, -1, -1, -1, -1
3756, unedit, -1, -1, -1, -1
3757, unedit, -1, -1, -1, -1
3758, unedit, -1, -1, -1, -1
3759, unedit, -1, -1, -1, -1
3760, unedit, -1, -1, -1, -1
3761, unedit, -1, -1, -1, -1
3762, unedit, -1, -1, -1, -1
3763, unedit, -1, -1, -1, -1
3764, unedit, -1, -1, -1, -1
3765, unedit, -1, -1, -1, -1
3766, unedit, -1, -1, -1, -1
3767, unedit, -1, -1, -1, -1
3768, unedit, -1, -1, -1, -1
3769, unedit, -1, -1, -1, -1
3770, unedit, -1, -1, -1, -1
3771, unedit, -1, -1, -1, -1
3772, unedit, -1, -1, -1, -1
3773, unedit, -1, -1, -1, -1
3774, unedit, -1, -1, -1, -1
3775, unedit, -1, -1, -1, -1
3776, unedit, -1, -1, -1, -1
3777, unedit, -1, -1, -1, -1
3778, unedit, -1, -1, -1, -1
3779, unedit, -1, -1, -1, -1
3780, unedit, -1, -1, -1, -1
3781, unedit, -1, -1, -1, -1
3782, unedit, -1, -1, -1, -1
3783, unedit, -1, -1, -1, -1
3784, unedit, -1, -1, -1, -1
3785, unedit, -1, -1, -1, -1
3786, unedit, -1, -1, -1, -1
3787, unedit, -1, -1, -1, -1
3788, unedit, -1, -1, -1, -1
3789, unedit, -1, -1, -1, -1
3790, unedit, -1, -1, -1, -1
3791, unedit, -1, -1, -1, -1
3792, unedit, -1, -1, -1, -1
3793, unedit, -1, -1, -1, -1
3794, unedit, -1, -1, -1, -1
3795, unedit, -1, -1, -1, -1
3796, unedit, -1, -1, -1, -1
3797, unedit, -1, -1, -1, -1
3798, unedit, -1, -1, -1, -1
3799, unedit, -1, -1, -1, -1
3800, unedit, -1, -1, -1, -1
3801, unedit, -1, -1, -1, -1
3802, unedit, -1, -1, -1, -1
3803, unedit, -1, -1, -1, -1
3804, unedit, -1, -1, -1, -1
3805, unedit, -1, -1, -1, -1
3806, unedit, -1, -1, -1, -1
3807, unedit, -1, -1, -1, -1
3808, unedit, -1, -1, -1, -1
3809, unedit, -1, -1, -1, -1
3810, unedit, -1, -1, -1, -1
3811, unedit, -1, -1, -1, -1
3812, unedit, -1, -1, -1, -1
3813, unedit, -1, -1, -1, -1
3814, unedit, -1, -1, -1, -1
3815, unedit, -1, -1, -1, -1
3816, unedit, -1, -1, -1, -1
3817, unedit, -1, -1, -1, -1
3818, unedit, -1, -1, -1, -1
3819, unedit, -1, -1, -1, -1
3820, unedit, -1, -1, -1, -1
3821, unedit, -1, -1, -1, -1
3822, unedit, -1, -1, -1, -1
3823, unedit, -1, -1, -1, -1
3824, unedit, -1, -1, -1, -1
3825, unedit, -1, -1, -1, -1
3826, unedit, -1, -1, -1, -1
3827, unedit, -1, -1, -1, -1
3828, unedit, -1, -1, -1, -1
3829, unedit, -1, -1, -1, -1
3830, unedit, -1, -1, -1, -1
3831, unedit, -1, -1, -1, -1
3832, unedit, -1, -1, -1, -1
3833, unedit, -1, -1, -1, -1
3834, unedit, -1, -1, -1, -1
3835, unedit, -1, -1, -1, -1
3836, unedit, -1, -1, -1, -1
3837, unedit, -1, -1, -1, -1
3838, unedit, -1, -1, -1, -1
3839, unedit, -1, -1, -1, -1
3840, unedit, -1, -1, -1, -1
3841, unedit, -1, -1, -1, -1
3842, unedit, -1, -1, -1, -1
3843, unedit, -1, -1, -1, -1
3844, unedit, -1, -1, -1, -1
3845, unedit, -1, -1, -1, -1
3846, unedit, -1, -1, -1, -1
3847, unedit, -1, -1, -1, -1
3848, unedit, -1, -1, -1, -1
3849, unedit, -1, -1, -1, -1
3850, unedit, -1, -1, -1, -1
3851, unedit, -1, -1, -1, -1
3852, unedit, -1, -1, -1, -1
3853, unedit, -1, -1, -1, -1
3854, unedit, -1, -1, -1, -1
3855, unedit, -1, -1, -1, -1
3856, unedit, -1, -1, -1, -1
3857, unedit, -1, -1, -1, -1
3858, unedit, -1, -1, -1, -1
3859, unedit, -1, -1, -1, -1
3860, unedit, -1, -1, -1, -1
3861, unedit, -1, -1, -1, -1
3862, unedit, -1, -1, -1, -1
3863, unedit, -1, -1, -1, -1
3864, unedit, -1, -1, -1, -1
3865, unedit, -1, -1, -1, -1
3866, unedit, -1, -1, -1, -1
3867, unedit, -1, -1, -1, -1
3868, unedit, -1, -1, -1, -1
3869, unedit, -1, -1, -1, -1
3870, unedit, -1, -1, -1, -1
3871, unedit, -1, -1, -1, -1
3872, unedit, -1, -1, -1, -1
3873, unedit, -1, -1, -1, -1
3874, unedit, -1, -1, -1, -1
3875, unedit, -1, -1, -1, -1
3876, unedit, -1, -1, -1, -1
3877, unedit, -1, -1, -1, -1
3878, unedit, -1, -1, -1, -1
3879, unedit, -1, -1, -1, -1
3880, unedit, -1, -1, -1, -1
3881, unedit, -1, -1, -1, -1
3882, unedit, -1, -1, -1, -1
3883, unedit, -1, -1, -1, -1
3884, unedit, -1, -1, -1, -1
3885, unedit, -1, -1, -1, -1
3886, unedit, -1, -1, -1, -1
3887, unedit, -1, -1, -1, -1
3888, unedit, -1, -1, -1, -1
3889, unedit, -1, -1, -1, -1
3890, unedit, -1, -1, -1, -1
3891, unedit, -1, -1, -1, -1
3892, unedit, -1, -1, -1, -1
3893, unedit, -1, -1, -1, -1
3894, unedit, -1, -1, -1, -1
3895, unedit, -1, -1, -1, -1
3896, unedit, -1, -1, -1, -1
3897, unedit, -1, -1, -1, -1
3898, unedit, -1, -1, -1, -1
3899, unedit, -1, -1, -1, -1
3900, unedit, -1, -1, -1, -1
3901, unedit, -1, -1, -1, -1
3902, unedit, -1, -1, -1, -1
3903, unedit, -1, -1, -1, -1
3904, unedit, -1, -1, -1, -1
3905, unedit, -1, -1, -1, -1
3906, unedit, -1, -1, -1, -1
3907, unedit, -1, -1, -1, -1
3908, unedit, -1, -1, -1, -1
3909, unedit, -1, -1, -1, -1
3910, unedit, -1, -1, -1, -1
3911, unedit, -1, -1, -1, -1
3912, unedit, -1, -1, -1, -1
3913, unedit, -1, -1, -1, -1
3914, unedit, -1, -1, -1, -1
3915, unedit, -1, -1, -1, -1
3916, unedit, -1, -1, -1, -1
3917, unedit, -1, -1, -1, -1
3918, unedit, -1, -1, -1, -1
3919, unedit, -1, -1, -1, -1
3920, unedit, -1, -1, -1, -1
3921, unedit, -1, -1, -1, -1
3922, unedit, -1, -1, -1, -1
3923, unedit, -1, -1, -1, -1
3924, unedit, -1, -1, -1, -1
3925, unedit, -1, -1, -1, -1
3926, unedit, -1, -1, -1, -1
3927, unedit, -1, -1, -1, -1
3928, unedit, -1, -1, -1, -1
3929, unedit, -1, -1, -1, -1
3930, unedit, -1, -1, -1, -1
3931, unedit, -1, -1, -1, -1
3932, unedit, -1, -1, -1, -1
3933, unedit, -1, -1, -1, -1
3934, unedit, -1, -1, -1, -1
3935, unedit, -1, -1, -1, -1
3936, unedit, -1, -1, -1, -1
3937, unedit, -1, -1, -1, -1
3938, unedit, -1, -1, -1, -1
3939, unedit, -1, -1, -1, -1
3940, unedit, -1, -1, -1, -1
3941, unedit, -1, -1, -1, -1
3942, unedit, -1, -1, -1, -1
3943, unedit, -1, -1, -1, -1
3944, unedit, -1, -1, -1, -1
3945, unedit, -1, -1, -1, -1
3946, unedit, -1, -1, -1, -1
3947, unedit, -1, -1, -1, -1
3948, unedit, -1, -1, -1, -1
3949, unedit, -1, -1, -1, -1
3950, unedit, -1, -1, -1, -1
3951, unedit, -1, -1, -1, -1
3952, unedit, -1, -1, -1, -1
3953, unedit, -1, -1, -1, -1
3954, unedit, -1, -1, -1, -1
3955, unedit, -1, -1, -1, -1
3956, unedit, -1, -1, -1, -1
3957, unedit, -1, -1, -1, -1
3958, unedit, -1, -1, -1, -1
3959, unedit, -1, -1, -1, -1
3960, unedit, -1, -1, -1, -1
3961, unedit, -1, -1, -1, -1
3962, unedit, -1, -1, -1, -1
3963, unedit, -1, -1, -1, -1
3964, unedit, -1, -1, -1, -1
3965, unedit, -1, -1, -1, -1
3966, unedit, -1, -1, -1, -1
3967, unedit, -1, -1, -1, -1
3968, unedit, -1, -1, -1, -1
3969, unedit, -1, -1, -1, -1
3970, unedit, -1, -1, -1, -1
3971, unedit, -1, -1, -1, -1
3972, unedit, -1, -1, -1, -1
3973, unedit, -1, -1, -1, -1
3974, unedit, -1, -1, -1, -1
3975, unedit, -1, -1, -1, -1
3976, unedit, -1, -1, -1, -1
3977, unedit, -1, -1, -1, -1
3978, unedit, -1, -1, -1, -1
3979, unedit, -1, -1, -1, -1
3980, unedit, -1, -1, -1, -1
3981, unedit, -1, -1, -1, -1
3982, unedit, -1, -1, -1, -1
3983, unedit, -1, -1, -1, -1
3984, unedit, -1, -1, -1, -1
3985, unedit, -1, -1, -1, -1
3986, unedit, -1, -1, -1, -1
3987, unedit, -1, -1, -1, -1
3988, unedit, -1, -1, -1, -1
3989, unedit, -1, -1, -1, -1
3990, unedit, -1, -1, -1, -1
3991, unedit, -1, -1, -1, -1
3992, unedit, -1, -1, -1, -1
3993, unedit, -1, -1, -1, -1
3994, unedit, -1, -1, -1, -1
3995, unedit, -1, -1, -1, -1
3996, unedit, -1, -1, -1, -1
3997, unedit, -1, -1, -1, -1
3998, unedit, -1, -1, -1, -1
3999, unedit, -1, -1, -1, -1
4000, unedit, -1, -1, -1, -1
